wordpress_id,slug,source_url,attachment_url,mime_type,reported_original_bytes,width,height,alt,binary_captured
3846,popupcopa,https://clinicadeolhosbenchimol.com.br/wp-content/uploads/2026/06/PopupCopa.jpg,https://clinicadeolhosbenchimol.com.br/?attachment_id=3846,image/jpeg,152888,1170,1430,,no
3835,feriado-2-abril,https://clinicadeolhosbenchimol.com.br/wp-content/uploads/2026/04/Feriado-2-abril.jpg,https://clinicadeolhosbenchimol.com.br/?attachment_id=3835,image/jpeg,106585,1024,1280,,no
3833,1,https://clinicadeolhosbenchimol.com.br/wp-content/uploads/2026/04/1.jpg,https://clinicadeolhosbenchimol.com.br/1/,image/jpeg,35745,360,640,,no
3815,6865528,https://clinicadeolhosbenchimol.com.br/wp-content/uploads/2026/02/6865528-scaled.jpg,https://clinicadeolhosbenchimol.com.br/nova-home/attachment/6865528/,image/jpeg,291036,2560,1707,,no
3808,unnamed-19,https://clinicadeolhosbenchimol.com.br/wp-content/uploads/2026/01/unnamed-19.jpg,https://clinicadeolhosbenchimol.com.br/o-que-e-o-mapeamento-da-retina-e-quando-esse-exame-oftalmologico-e-indicado/unnamed-19/,image/jpeg,96104,1163,1280,Oftalmologista realizando exame oftalmológico,no
3785,atencao-pacientes-copiar,https://clinicadeolhosbenchimol.com.br/wp-content/uploads/2025/12/atencao-pacientes-copiar.jpg,https://clinicadeolhosbenchimol.com.br/atencao-pacientes-copiar/,image/jpeg,455891,1080,1350,,no
3779,unnamed-9,https://clinicadeolhosbenchimol.com.br/wp-content/uploads/2025/12/unnamed.jpg,https://clinicadeolhosbenchimol.com.br/os-marcos-de-decadas-da-clinica-de-olhos-benchimol/unnamed-9/,image/jpeg,184030,1600,1600,selo de 80 anos da Clínica de Olhos Benchimol,no
3776,unnamed-3,https://clinicadeolhosbenchimol.com.br/wp-content/uploads/2025/12/unnamed.png,https://clinicadeolhosbenchimol.com.br/moscas-volantes-sintoma-comum-ou-alerta-de-perigo/unnamed-3/,image/png,1876275,1600,873,ceú azul com moscas volantes no campo visual,no
3737,unnamed-2,https://clinicadeolhosbenchimol.com.br/wp-content/uploads/2025/11/unnamed-1.jpg,https://clinicadeolhosbenchimol.com.br/dmri-seca-e-umida-saiba-quais-sao-as-diferencas/unnamed-2/,image/jpeg,262646,1067,1600,mulher de 60 anos fazendo um check up oftalmológico para prevenir a DMRI,no
3733,unnamed,https://clinicadeolhosbenchimol.com.br/wp-content/uploads/2025/11/unnamed.jpg,https://clinicadeolhosbenchimol.com.br/diabetes-pode-causar-cegueira-entenda-os-riscos-e-como-evitar/unnamed/,image/jpeg,84046,1280,853,mulher na faixa dos 60 anos conferindo o açúcar no sangue para evitar cegueira,no
3637,unnamed-8,https://clinicadeolhosbenchimol.com.br/wp-content/uploads/2025/10/unnamed-8.jpg,https://clinicadeolhosbenchimol.com.br/a-importancia-dos-exames-oftalmologicos-de-rotina-apos-os-50-anos/unnamed-8/,image/jpeg,105698,1280,854,Mulher na faixa dos 50 anos realizando exames oftalmológicos de rotina,no
3633,unnamed-7,https://clinicadeolhosbenchimol.com.br/wp-content/uploads/2025/10/unnamed-7.jpg,https://clinicadeolhosbenchimol.com.br/por-que-a-acuidade-visual-pode-piorar-com-o-avanco-da-idade/unnamed-7/,image/jpeg,82599,878,1280,homem de meia idade com baixa acuidade visual,no
3557,85a7590b-6e8d-4a4c-a480-b92b5320eac5,https://clinicadeolhosbenchimol.com.br/wp-content/uploads/2025/09/85a7590b-6e8d-4a4c-a480-b92b5320eac5.jpeg,https://clinicadeolhosbenchimol.com.br/dr-gabriel-benchimol/85a7590b-6e8d-4a4c-a480-b92b5320eac5/,image/jpeg,103797,1445,1600,,no
3543,50263,https://clinicadeolhosbenchimol.com.br/wp-content/uploads/2025/09/50263.jpg,https://clinicadeolhosbenchimol.com.br/catarata/attachment/50263/,image/jpeg,779935,1333,2000,,no
3533,veronica-2,https://clinicadeolhosbenchimol.com.br/wp-content/uploads/2025/09/veronica-1.webp,https://clinicadeolhosbenchimol.com.br/dra-veronica-benchimol/veronica-2/,image/webp,112386,325,385,,no
3526,raphael,https://clinicadeolhosbenchimol.com.br/wp-content/uploads/2025/09/raphael.webp,https://clinicadeolhosbenchimol.com.br/equipe/raphael/,image/webp,93884,325,385,,no
3525,francina,https://clinicadeolhosbenchimol.com.br/wp-content/uploads/2025/09/francina.webp,https://clinicadeolhosbenchimol.com.br/equipe/francina/,image/webp,117738,325,385,,no
3524,monica,https://clinicadeolhosbenchimol.com.br/wp-content/uploads/2025/09/monica.webp,https://clinicadeolhosbenchimol.com.br/equipe/monica/,image/webp,116800,325,385,,no
3523,eduardo,https://clinicadeolhosbenchimol.com.br/wp-content/uploads/2025/09/eduardo.webp,https://clinicadeolhosbenchimol.com.br/equipe/eduardo/,image/webp,115256,325,385,,no
3522,amelia,https://clinicadeolhosbenchimol.com.br/wp-content/uploads/2025/09/amelia.webp,https://clinicadeolhosbenchimol.com.br/equipe/amelia/,image/webp,120634,325,385,,no
3521,paul,https://clinicadeolhosbenchimol.com.br/wp-content/uploads/2025/09/paul.webp,https://clinicadeolhosbenchimol.com.br/equipe/paul/,image/webp,112460,325,385,,no
3520,luciano,https://clinicadeolhosbenchimol.com.br/wp-content/uploads/2025/09/luciano.webp,https://clinicadeolhosbenchimol.com.br/equipe/luciano/,image/webp,115184,325,385,,no
3519,amir,https://clinicadeolhosbenchimol.com.br/wp-content/uploads/2025/09/amir.webp,https://clinicadeolhosbenchimol.com.br/equipe/amir/,image/webp,110270,325,385,,no
3518,liana,https://clinicadeolhosbenchimol.com.br/wp-content/uploads/2025/09/liana.webp,https://clinicadeolhosbenchimol.com.br/equipe/liana/,image/webp,112338,325,385,,no
3517,adriana,https://clinicadeolhosbenchimol.com.br/wp-content/uploads/2025/09/adriana.webp,https://clinicadeolhosbenchimol.com.br/equipe/adriana/,image/webp,146936,325,385,,no
3515,mirelle,https://clinicadeolhosbenchimol.com.br/wp-content/uploads/2025/09/mirelle.webp,https://clinicadeolhosbenchimol.com.br/equipe/mirelle/,image/webp,113490,325,385,,no
3514,nina,https://clinicadeolhosbenchimol.com.br/wp-content/uploads/2025/09/nina.webp,https://clinicadeolhosbenchimol.com.br/equipe/nina/,image/webp,114908,325,385,,no
3513,veronica,https://clinicadeolhosbenchimol.com.br/wp-content/uploads/2025/09/veronica.webp,https://clinicadeolhosbenchimol.com.br/equipe/veronica/,image/webp,112386,325,385,,no
3512,sergio-benchimol-2,https://clinicadeolhosbenchimol.com.br/wp-content/uploads/2025/09/sergio-benchimol-1.webp,https://clinicadeolhosbenchimol.com.br/equipe/sergio-benchimol-2/,image/webp,104158,325,385,,no
3511,sergio-benchimol,https://clinicadeolhosbenchimol.com.br/wp-content/uploads/2025/09/sergio-benchimol.webp,https://clinicadeolhosbenchimol.com.br/equipe/sergio-benchimol/,image/webp,102966,325,385,,no
3507,screenshot_2,https://clinicadeolhosbenchimol.com.br/wp-content/uploads/2025/09/Screenshot_2.png,https://clinicadeolhosbenchimol.com.br/servicos/screenshot_2/,image/png,564782,723,480,,no
3506,screenshot_1,https://clinicadeolhosbenchimol.com.br/wp-content/uploads/2025/09/Screenshot_1.png,https://clinicadeolhosbenchimol.com.br/servicos/screenshot_1/,image/png,466844,676,475,,no
3493,71238,https://clinicadeolhosbenchimol.com.br/wp-content/uploads/2025/09/71238.jpg,https://clinicadeolhosbenchimol.com.br/exames-e-procedimentos/attachment/71238/,image/jpeg,549956,667,1000,,no
3489,glaucoma-3,https://clinicadeolhosbenchimol.com.br/wp-content/uploads/2025/09/glaucoma.webp,https://clinicadeolhosbenchimol.com.br/servicos/glaucoma-3/,image/webp,356984,1000,667,,no
3488,diabete,https://clinicadeolhosbenchimol.com.br/wp-content/uploads/2025/09/diabete.webp,https://clinicadeolhosbenchimol.com.br/servicos/diabete/,image/webp,505534,1000,667,,no
3486,sem-titulo-1,https://clinicadeolhosbenchimol.com.br/wp-content/uploads/2025/09/Sem-Titulo-1.webp,https://clinicadeolhosbenchimol.com.br/servicos/sem-titulo-1/,image/webp,593840,1000,667,,no
3465,11266,https://clinicadeolhosbenchimol.com.br/wp-content/uploads/2025/09/11266.jpg,https://clinicadeolhosbenchimol.com.br/nova-home/attachment/11266/,image/jpeg,296362,667,1000,,no
3445,img_20250903_093613_570,https://clinicadeolhosbenchimol.com.br/wp-content/uploads/2025/09/IMG_20250903_093613_570.jpg,https://clinicadeolhosbenchimol.com.br/como-funciona-a-injecao-intravitrea-para-o-tratamento-de-condicoes-da-macula/img_20250903_093613_570/,image/jpeg,167805,853,1280,Paciente idoso preparado para realizar a injeção intravítrea,no
3442,unnamed-16,https://clinicadeolhosbenchimol.com.br/wp-content/uploads/2025/09/unnamed-16.jpg,https://clinicadeolhosbenchimol.com.br/a-importancia-do-oct-para-pacientes-com-catarata/unnamed-16/,image/jpeg,105504,1280,914,oftalmologista realizando o exame de oct em uma mulher na faixa dos 40 anos,no
3432,depoimento6,https://clinicadeolhosbenchimol.com.br/wp-content/uploads/2025/08/depoimento6.webp,https://clinicadeolhosbenchimol.com.br/depoimento6/,image/webp,14786,534,245,,no
3431,depoimento5,https://clinicadeolhosbenchimol.com.br/wp-content/uploads/2025/08/depoimento5.webp,https://clinicadeolhosbenchimol.com.br/depoimento5/,image/webp,19468,534,245,,no
3430,depoimento4,https://clinicadeolhosbenchimol.com.br/wp-content/uploads/2025/08/depoimento4.webp,https://clinicadeolhosbenchimol.com.br/depoimento4/,image/webp,11866,411,219,,no
3429,depoimento2,https://clinicadeolhosbenchimol.com.br/wp-content/uploads/2025/08/depoimento2.webp,https://clinicadeolhosbenchimol.com.br/depoimento2/,image/webp,12178,411,219,,no
3428,depoimento1,https://clinicadeolhosbenchimol.com.br/wp-content/uploads/2025/08/depoimento1.webp,https://clinicadeolhosbenchimol.com.br/depoimento1/,image/webp,11696,411,219,,no
3427,depoimento0,https://clinicadeolhosbenchimol.com.br/wp-content/uploads/2025/08/depoimento0.webp,https://clinicadeolhosbenchimol.com.br/depoimento0/,image/webp,29922,534,245,,no
3426,depoimento00,https://clinicadeolhosbenchimol.com.br/wp-content/uploads/2025/08/depoimento00.webp,https://clinicadeolhosbenchimol.com.br/depoimento00/,image/webp,16898,534,245,,no
3425,depoimento000,https://clinicadeolhosbenchimol.com.br/wp-content/uploads/2025/08/depoimento000.webp,https://clinicadeolhosbenchimol.com.br/depoimento000/,image/webp,18496,534,245,,no
3424,depoimento00000,https://clinicadeolhosbenchimol.com.br/wp-content/uploads/2025/08/depoimento00000.webp,https://clinicadeolhosbenchimol.com.br/depoimento00000/,image/webp,14292,534,245,,no
3412,dr-paulo,https://clinicadeolhosbenchimol.com.br/wp-content/uploads/2025/08/dr-paulo.png,https://clinicadeolhosbenchimol.com.br/equipe/dr-paulo/,image/png,213736,325,384,,no
3408,dr-eduardo,https://clinicadeolhosbenchimol.com.br/wp-content/uploads/2025/08/dr-eduardo.png,https://clinicadeolhosbenchimol.com.br/equipe/dr-eduardo/,image/png,216346,325,385,,no
3407,dra-aamelia,https://clinicadeolhosbenchimol.com.br/wp-content/uploads/2025/08/dra-aamelia.png,https://clinicadeolhosbenchimol.com.br/equipe/dra-aamelia/,image/png,193091,300,382,,no
3405,dra-monica-2,https://clinicadeolhosbenchimol.com.br/wp-content/uploads/2025/08/dra-monica-1.png,https://clinicadeolhosbenchimol.com.br/equipe/dra-monica-2/,image/png,198584,323,383,,no
3404,dra-monica,https://clinicadeolhosbenchimol.com.br/wp-content/uploads/2025/08/dra-monica.png,https://clinicadeolhosbenchimol.com.br/equipe/dra-monica/,image/png,198584,323,383,,no
3403,dra-francine,https://clinicadeolhosbenchimol.com.br/wp-content/uploads/2025/08/dra-francine.png,https://clinicadeolhosbenchimol.com.br/equipe/dra-francine/,image/png,210008,324,383,,no
3399,dr-luciano-de-barros,https://clinicadeolhosbenchimol.com.br/wp-content/uploads/2025/08/dr-luciano-de-barros.png,https://clinicadeolhosbenchimol.com.br/equipe/dr-luciano-de-barros/,image/png,209530,324,385,,no
3398,dr-amir,https://clinicadeolhosbenchimol.com.br/wp-content/uploads/2025/08/dr-amir.png,https://clinicadeolhosbenchimol.com.br/equipe/dr-amir/,image/png,206779,325,384,,no
3329,dra-raphael-benchimol,https://clinicadeolhosbenchimol.com.br/wp-content/uploads/2025/08/dra-raphael-benchimol.png,https://clinicadeolhosbenchimol.com.br/equipe/dra-raphael-benchimol/,image/png,145701,325,384,,no
3328,dra-nina-benchimol-2,https://clinicadeolhosbenchimol.com.br/wp-content/uploads/2025/08/dra-nina-benchimol.png,https://clinicadeolhosbenchimol.com.br/equipe/dra-nina-benchimol-2/,image/png,212101,325,385,,no
3327,dra-mirelle-benchimol-2,https://clinicadeolhosbenchimol.com.br/wp-content/uploads/2025/08/dra-mirelle-benchimol.png,https://clinicadeolhosbenchimol.com.br/equipe/dra-mirelle-benchimol-2/,image/png,195862,325,385,,no
3326,dra-liana-benchimol-2,https://clinicadeolhosbenchimol.com.br/wp-content/uploads/2025/08/dra-liana-benchimol.png,https://clinicadeolhosbenchimol.com.br/equipe/dra-liana-benchimol-2/,image/png,191853,326,385,,no
3325,dra-gabriel-benchimol,https://clinicadeolhosbenchimol.com.br/wp-content/uploads/2025/08/dra-gabriel-benchimol.png,https://clinicadeolhosbenchimol.com.br/equipe/dra-gabriel-benchimol/,image/png,115870,325,386,,no
3324,dra-adriana-benchimol-2,https://clinicadeolhosbenchimol.com.br/wp-content/uploads/2025/08/dra-adriana-benchimol.png,https://clinicadeolhosbenchimol.com.br/equipe/dra-adriana-benchimol-2/,image/png,220441,325,384,,no
3314,dra-veronica-benchimol-2,https://clinicadeolhosbenchimol.com.br/wp-content/uploads/2025/08/dra-veronica-benchimol.png,https://clinicadeolhosbenchimol.com.br/equipe/dra-veronica-benchimol-2/,image/png,198620,325,385,,no
3308,dr-sergio-benchimol-2,https://clinicadeolhosbenchimol.com.br/wp-content/uploads/2025/08/dr-sergio-benchimol.png,https://clinicadeolhosbenchimol.com.br/equipe/dr-sergio-benchimol-2/,image/png,186992,325,385,,no
3255,3964,https://clinicadeolhosbenchimol.com.br/wp-content/uploads/2025/08/3964.jpg,https://clinicadeolhosbenchimol.com.br/olho-seco/attachment/3964/,image/jpeg,292846,667,1000,,no
3250,2147953528,https://clinicadeolhosbenchimol.com.br/wp-content/uploads/2025/08/2147953528.jpg,https://clinicadeolhosbenchimol.com.br/olho-seco/attachment/2147953528/,image/jpeg,545165,667,1000,,no
3219,18577,https://clinicadeolhosbenchimol.com.br/wp-content/uploads/2025/08/18577.jpg,https://clinicadeolhosbenchimol.com.br/cirurgia-refrativa/attachment/18577/,image/jpeg,356493,667,1000,,no
3212,1762,https://clinicadeolhosbenchimol.com.br/wp-content/uploads/2025/08/1762.jpg,https://clinicadeolhosbenchimol.com.br/glaucoma/attachment/1762/,image/jpeg,386269,667,1000,,no
3211,2149457638,https://clinicadeolhosbenchimol.com.br/wp-content/uploads/2025/08/2149457638.jpg,https://clinicadeolhosbenchimol.com.br/glaucoma/attachment/2149457638/,image/jpeg,605354,667,1000,,no
3201,2148739978,https://clinicadeolhosbenchimol.com.br/wp-content/uploads/2025/08/2148739978.jpg,https://clinicadeolhosbenchimol.com.br/degeneracao-macular/attachment/2148739978/,image/jpeg,546288,667,1000,,no
3200,6543,https://clinicadeolhosbenchimol.com.br/wp-content/uploads/2025/08/6543.jpg,https://clinicadeolhosbenchimol.com.br/degeneracao-macular/attachment/6543/,image/jpeg,374031,1000,696,,no
3175,10485,https://clinicadeolhosbenchimol.com.br/wp-content/uploads/2025/08/10485.jpg,https://clinicadeolhosbenchimol.com.br/retinopatia-diabetica/attachment/10485/,image/jpeg,420829,1000,667,,no
3174,10931,https://clinicadeolhosbenchimol.com.br/wp-content/uploads/2025/08/10931.jpg,https://clinicadeolhosbenchimol.com.br/retinopatia-diabetica/attachment/10931/,image/jpeg,271662,667,1000,,no
3173,7245,https://clinicadeolhosbenchimol.com.br/wp-content/uploads/2025/08/7245.jpg,https://clinicadeolhosbenchimol.com.br/retinopatia-diabetica/attachment/7245/,image/jpeg,407017,667,1000,,no
3142,6812,https://clinicadeolhosbenchimol.com.br/wp-content/uploads/2025/08/6812.jpg,https://clinicadeolhosbenchimol.com.br/exames-e-procedimentos/attachment/6812/,image/jpeg,662405,736,1000,,no
3141,2150923358,https://clinicadeolhosbenchimol.com.br/wp-content/uploads/2025/08/2150923358.jpg,https://clinicadeolhosbenchimol.com.br/exames-e-procedimentos/attachment/2150923358/,image/jpeg,408976,667,1000,,no
3107,18443-2,https://clinicadeolhosbenchimol.com.br/wp-content/uploads/2025/08/18443-1.jpg,https://clinicadeolhosbenchimol.com.br/servicos/18443-2/,image/jpeg,267963,1000,667,,no
3106,9808,https://clinicadeolhosbenchimol.com.br/wp-content/uploads/2025/08/9808.jpg,https://clinicadeolhosbenchimol.com.br/servicos/attachment/9808/,image/jpeg,553499,1000,667,,no
3105,18443,https://clinicadeolhosbenchimol.com.br/wp-content/uploads/2025/08/18443.jpg,https://clinicadeolhosbenchimol.com.br/servicos/attachment/18443/,image/jpeg,267963,1000,667,,no
3103,5451878,https://clinicadeolhosbenchimol.com.br/wp-content/uploads/2025/08/5451878.jpg,https://clinicadeolhosbenchimol.com.br/servicos/attachment/5451878/,image/jpeg,298055,1000,667,,no
3102,732,https://clinicadeolhosbenchimol.com.br/wp-content/uploads/2025/08/732.jpg,https://clinicadeolhosbenchimol.com.br/servicos/attachment/732/,image/jpeg,437806,1000,667,,no
3101,1386,https://clinicadeolhosbenchimol.com.br/wp-content/uploads/2025/08/1386.jpg,https://clinicadeolhosbenchimol.com.br/servicos/attachment/1386/,image/jpeg,414338,1000,667,,no
3100,595,https://clinicadeolhosbenchimol.com.br/wp-content/uploads/2025/08/595.jpg,https://clinicadeolhosbenchimol.com.br/servicos/attachment/595/,image/jpeg,479693,1000,667,,no
3090,2149883576,https://clinicadeolhosbenchimol.com.br/wp-content/uploads/2025/08/2149883576.jpg,https://clinicadeolhosbenchimol.com.br/servicos/attachment/2149883576/,image/jpeg,529344,1000,667,,no
3089,2149254368,https://clinicadeolhosbenchimol.com.br/wp-content/uploads/2025/08/2149254368.jpg,https://clinicadeolhosbenchimol.com.br/servicos/attachment/2149254368/,image/jpeg,551425,1000,667,,no
3088,2149082495,https://clinicadeolhosbenchimol.com.br/wp-content/uploads/2025/08/2149082495.jpg,https://clinicadeolhosbenchimol.com.br/servicos/attachment/2149082495/,image/jpeg,333736,1000,563,,no
3087,1689,https://clinicadeolhosbenchimol.com.br/wp-content/uploads/2025/08/1689.jpg,https://clinicadeolhosbenchimol.com.br/servicos/attachment/1689/,image/jpeg,850763,1000,766,,no
3086,22059,https://clinicadeolhosbenchimol.com.br/wp-content/uploads/2025/08/22059.jpg,https://clinicadeolhosbenchimol.com.br/servicos/attachment/22059/,image/jpeg,456047,1000,667,,no
3054,ativo-9,https://clinicadeolhosbenchimol.com.br/wp-content/uploads/2025/08/Ativo-9.svg,https://clinicadeolhosbenchimol.com.br/sobre-nos/ativo-9/,image/svg+xml,4174,116,116,,no
3053,ativo-8,https://clinicadeolhosbenchimol.com.br/wp-content/uploads/2025/08/Ativo-8.svg,https://clinicadeolhosbenchimol.com.br/sobre-nos/ativo-8/,image/svg+xml,3771,116,116,,no
3052,ativo-7,https://clinicadeolhosbenchimol.com.br/wp-content/uploads/2025/08/Ativo-7.svg,https://clinicadeolhosbenchimol.com.br/sobre-nos/ativo-7/,image/svg+xml,4318,116,116,,no
3048,ativo-6,https://clinicadeolhosbenchimol.com.br/wp-content/uploads/2025/08/Ativo-6.svg,https://clinicadeolhosbenchimol.com.br/sobre-nos/ativo-6/,image/svg+xml,3362,116,116,,no
3047,ativo-5,https://clinicadeolhosbenchimol.com.br/wp-content/uploads/2025/08/Ativo-5.svg,https://clinicadeolhosbenchimol.com.br/sobre-nos/ativo-5/,image/svg+xml,3774,116,116,,no
3046,ativo-4,https://clinicadeolhosbenchimol.com.br/wp-content/uploads/2025/08/Ativo-4.svg,https://clinicadeolhosbenchimol.com.br/sobre-nos/ativo-4/,image/svg+xml,2786,116,116,,no
3032,ativo-3-2,https://clinicadeolhosbenchimol.com.br/wp-content/uploads/2025/08/Ativo-3-1.svg,https://clinicadeolhosbenchimol.com.br/sobre-nos/ativo-3-2/,image/svg+xml,3432,116,116,,no
3031,anos50-2,https://clinicadeolhosbenchimol.com.br/wp-content/uploads/2025/08/anos50-1.svg,https://clinicadeolhosbenchimol.com.br/sobre-nos/anos50-2/,image/svg+xml,3353,116,116,,no
3030,anos40-3,https://clinicadeolhosbenchimol.com.br/wp-content/uploads/2025/08/anos40-1.svg,https://clinicadeolhosbenchimol.com.br/sobre-nos/anos40-3/,image/svg+xml,2840,116,116,,no
3029,ativo-3,https://clinicadeolhosbenchimol.com.br/wp-content/uploads/2025/08/Ativo-3.svg,https://clinicadeolhosbenchimol.com.br/sobre-nos/ativo-3/,image/svg+xml,3432,116,116,,no
3028,anos50,https://clinicadeolhosbenchimol.com.br/wp-content/uploads/2025/08/anos50.svg,https://clinicadeolhosbenchimol.com.br/sobre-nos/anos50/,image/svg+xml,3353,116,116,,no
3027,anos40-2,https://clinicadeolhosbenchimol.com.br/wp-content/uploads/2025/08/anos40.svg,https://clinicadeolhosbenchimol.com.br/sobre-nos/anos40-2/,image/svg+xml,2840,116,116,,no
3026,anos40,https://clinicadeolhosbenchimol.com.br/wp-content/uploads/2025/08/ANOS40.webp,https://clinicadeolhosbenchimol.com.br/sobre-nos/anos40/,image/webp,1986,100,100,,no
2989,slide,https://clinicadeolhosbenchimol.com.br/wp-content/uploads/2025/08/slide.png,https://clinicadeolhosbenchimol.com.br/nova-home/slide/,image/png,1309507,1920,1000,,no
2979,convenios-cg-2,https://clinicadeolhosbenchimol.com.br/wp-content/uploads/2025/08/convenios-cg-1.webp,https://clinicadeolhosbenchimol.com.br/nova-home/convenios-cg-2/,image/webp,37198,600,257,,no
2975,convenios-cg,https://clinicadeolhosbenchimol.com.br/wp-content/uploads/2025/08/convenios-cg.webp,https://clinicadeolhosbenchimol.com.br/nova-home/convenios-cg/,image/webp,37100,600,257,,no
2971,convenios-copacabana,https://clinicadeolhosbenchimol.com.br/wp-content/uploads/2025/08/convenios-copacabana.webp,https://clinicadeolhosbenchimol.com.br/nova-home/convenios-copacabana/,image/webp,42578,600,257,,no
2967,group-1597884384-copiar-3,https://clinicadeolhosbenchimol.com.br/wp-content/uploads/2025/08/Group-1597884384-copiar-2.webp,https://clinicadeolhosbenchimol.com.br/nova-home/group-1597884384-copiar-3/,image/webp,310920,590,614,,no
2957,group-1597884384-copiar-2,https://clinicadeolhosbenchimol.com.br/wp-content/uploads/2025/08/Group-1597884384-copiar-1.webp,https://clinicadeolhosbenchimol.com.br/nova-home/group-1597884384-copiar-2/,image/webp,311530,590,614,,no
2953,vector,https://clinicadeolhosbenchimol.com.br/wp-content/uploads/2025/08/vector.png,https://clinicadeolhosbenchimol.com.br/nova-home/vector/,image/png,1219557,2000,1407,,no
2952,group-1597884384-copiar,https://clinicadeolhosbenchimol.com.br/wp-content/uploads/2025/08/Group-1597884384-copiar.webp,https://clinicadeolhosbenchimol.com.br/nova-home/group-1597884384-copiar/,image/webp,310414,563,776,,no
2858,benchimol-timeline-mobilr-2,https://clinicadeolhosbenchimol.com.br/wp-content/uploads/2025/08/benchimol-timeline-mobilr-1.webp,https://clinicadeolhosbenchimol.com.br/sobre-nos/benchimol-timeline-mobilr-2/,image/webp,18478,420,1112,,no
2856,benchimol-timeline-mobilr,https://clinicadeolhosbenchimol.com.br/wp-content/uploads/2025/08/benchimol-timeline-mobilr.webp,https://clinicadeolhosbenchimol.com.br/sobre-nos/benchimol-timeline-mobilr/,image/webp,15880,420,1064,,no
2852,benchimol-timeline-2,https://clinicadeolhosbenchimol.com.br/wp-content/uploads/2025/08/benchimol-timeline-1.webp,https://clinicadeolhosbenchimol.com.br/sobre-nos/benchimol-timeline-2/,image/webp,13622,800,384,,no
2851,benchimol-timeline,https://clinicadeolhosbenchimol.com.br/wp-content/uploads/2025/08/benchimol-timeline.webp,https://clinicadeolhosbenchimol.com.br/sobre-nos/benchimol-timeline/,image/webp,13556,800,384,,no
2846,benchimol-sobre-nos,https://clinicadeolhosbenchimol.com.br/wp-content/uploads/2025/08/benchimol-sobre-nos.webp,https://clinicadeolhosbenchimol.com.br/sobre-nos/benchimol-sobre-nos/,image/webp,167256,460,660,,no
2841,unnamed-6,https://clinicadeolhosbenchimol.com.br/wp-content/uploads/2025/08/unnamed-6.jpg,https://clinicadeolhosbenchimol.com.br/5-sinais-de-que-sua-visao-precisa-de-atencao-imediata/unnamed-6/,image/jpeg,135836,1280,853,"homem de meia idade com a mão no rosto, preocupado com a sua visão",no
2836,unnamed-5,https://clinicadeolhosbenchimol.com.br/wp-content/uploads/2025/08/unnamed-5.jpg,https://clinicadeolhosbenchimol.com.br/existe-um-oftalmologista-especialista-em-macula/unnamed-5/,image/jpeg,151373,1280,853,Oftalmologista responsável pelos cuidados da mácula sentada em seu consultório fazendo anotações,no
2832,unnamed-4,https://clinicadeolhosbenchimol.com.br/wp-content/uploads/2025/08/unnamed-4.jpg,https://clinicadeolhosbenchimol.com.br/como-identificar-os-primeiros-sinais-de-catarata/unnamed-4/,image/jpeg,207459,1600,1066,"mulher de meia idade ao ar livre com um celular na mão, pesquisando sobre catarata",no
2807,rectangle-23955-4-2,https://clinicadeolhosbenchimol.com.br/wp-content/uploads/2025/07/Rectangle-23955-4-2.png,https://clinicadeolhosbenchimol.com.br/nova-home/rectangle-23955-4-2/,image/png,198345,420,280,,no
2806,rectangle-23955-4-1,https://clinicadeolhosbenchimol.com.br/wp-content/uploads/2025/07/Rectangle-23955-4-1.png,https://clinicadeolhosbenchimol.com.br/nova-home/rectangle-23955-4-1/,image/png,214314,420,280,,no
2805,rectangle-23955-4,https://clinicadeolhosbenchimol.com.br/wp-content/uploads/2025/07/Rectangle-23955-4.png,https://clinicadeolhosbenchimol.com.br/nova-home/rectangle-23955-4/,image/png,203320,420,280,,no
2791,sem-titulo-5-1,https://clinicadeolhosbenchimol.com.br/wp-content/uploads/2025/07/Sem-Titulo-5-1.png,https://clinicadeolhosbenchimol.com.br/nova-home/sem-titulo-5-1/,image/png,91537,1156,196,,no
2778,image-5,https://clinicadeolhosbenchimol.com.br/wp-content/uploads/2025/07/Image.png,https://clinicadeolhosbenchimol.com.br/nova-home/image-5/,image/png,508192,600,716,,no
2774,image-2-2,https://clinicadeolhosbenchimol.com.br/wp-content/uploads/2025/07/image-2.png,https://clinicadeolhosbenchimol.com.br/image-2-2/,image/png,121450,824,228,,no
2755,rectangle-23956,https://clinicadeolhosbenchimol.com.br/wp-content/uploads/2025/07/Rectangle-23956.png,https://clinicadeolhosbenchimol.com.br/nova-home/rectangle-23956/,image/png,448227,482,571,,no
2754,rectangle-23957,https://clinicadeolhosbenchimol.com.br/wp-content/uploads/2025/07/Rectangle-23957.png,https://clinicadeolhosbenchimol.com.br/nova-home/rectangle-23957/,image/png,318232,482,571,,no
2741,group-1597884384,https://clinicadeolhosbenchimol.com.br/wp-content/uploads/2025/07/Group-1597884384.png,https://clinicadeolhosbenchimol.com.br/nova-home/group-1597884384/,image/png,431260,563,748,,no
2740,937c18f100f7cc149f718438cf4e5bcb1865bba8,https://clinicadeolhosbenchimol.com.br/wp-content/uploads/2025/07/937c18f100f7cc149f718438cf4e5bcb1865bba8.png,https://clinicadeolhosbenchimol.com.br/nova-home/937c18f100f7cc149f718438cf4e5bcb1865bba8/,image/png,1309507,1920,1000,,no
2602,exames-oftalmologicos-regulares-3,https://clinicadeolhosbenchimol.com.br/wp-content/uploads/2025/07/Exames-oftalmologicos-regulares-2.png,https://clinicadeolhosbenchimol.com.br/a-importancia-dos-exames-oftalmologicos-regulares/exames-oftalmologicos-regulares-3/,image/png,235702,1080,555,,no
2601,exames-oftalmologicos-regulares-2,https://clinicadeolhosbenchimol.com.br/wp-content/uploads/2025/07/Exames-oftalmologicos-regulares-1.png,https://clinicadeolhosbenchimol.com.br/a-importancia-dos-exames-oftalmologicos-regulares/exames-oftalmologicos-regulares-2/,image/png,235702,1080,555,,no
2600,exames-oftalmologicos-regulares,https://clinicadeolhosbenchimol.com.br/wp-content/uploads/2025/07/Exames-oftalmologicos-regulares.png,https://clinicadeolhosbenchimol.com.br/a-importancia-dos-exames-oftalmologicos-regulares/exames-oftalmologicos-regulares/,image/png,235702,1080,555,pessoa jovem realizando exames oftalmológicos regulares em um refrator,no
2594,olho-seco-no-inverno,https://clinicadeolhosbenchimol.com.br/wp-content/uploads/2025/07/Olho-seco-no-inverno.jpg,https://clinicadeolhosbenchimol.com.br/olho-seco-no-inverno-causas-sintomas-e-como-tratar/olho-seco-no-inverno/,image/jpeg,484976,1500,1000,Olho seco no inverno,no
2591,junho-violeta,https://clinicadeolhosbenchimol.com.br/wp-content/uploads/2025/07/junho-violeta.jpg,https://clinicadeolhosbenchimol.com.br/junho-violeta-por-que-prevenir-o-ceratocone/junho-violeta/,image/jpeg,858994,1500,1000,Junho Violeta: por que prevenir o ceratocone é tão importante?,no
2574,glaucoma_maio-verde,https://clinicadeolhosbenchimol.com.br/wp-content/uploads/2025/05/Glaucoma_Maio-Verde.jpg,https://clinicadeolhosbenchimol.com.br/glaucoma-prevencao-e-diagnostico-precoce-no-maio-verde/glaucoma_maio-verde/,image/jpeg,923421,1500,1000,Glaucoma: Maio verde,no
2571,tipos-de-catarata-2,https://clinicadeolhosbenchimol.com.br/wp-content/uploads/2025/05/tipos-de-catarata-1.jpg,https://clinicadeolhosbenchimol.com.br/tipos-de-catarata-sintomas-causas-e-cirurgia/tipos-de-catarata-2/,image/jpeg,937169,1500,1000,,no
2569,tipos-de-catarata,https://clinicadeolhosbenchimol.com.br/wp-content/uploads/2025/05/tipos-de-catarata.jpg,https://clinicadeolhosbenchimol.com.br/tipos-de-catarata-sintomas-causas-e-cirurgia/tipos-de-catarata/,image/jpeg,937169,1500,1000,tipos de catarata,no
2543,espectro-autista,https://clinicadeolhosbenchimol.com.br/wp-content/uploads/2025/04/Espectro-autista.jpg,https://clinicadeolhosbenchimol.com.br/como-o-transtorno-do-espectro-autista-tea-pode-afetar-a-visao/espectro-autista/,image/jpeg,1210797,1200,1500,,no
2536,abril-marrom,https://clinicadeolhosbenchimol.com.br/wp-content/uploads/2025/04/Abril-marrom.jpg,https://clinicadeolhosbenchimol.com.br/abril-marrom/,image/jpeg,1065565,1500,1000,,no
2531,side-view-child-learning-how-count-home-using-pencils,https://clinicadeolhosbenchimol.com.br/wp-content/uploads/2025/04/side-view-child-learning-how-count-home-using-pencils-scaled.jpg,https://clinicadeolhosbenchimol.com.br/side-view-child-learning-how-count-home-using-pencils/,image/jpeg,245932,2560,1703,Transtorno do Espectro Autista e Visão,no
2528,closeup-shot-of-a-beautiful-brown-eye-2,https://clinicadeolhosbenchimol.com.br/wp-content/uploads/2025/04/closeup-shot-beautiful-brown-eye-1-scaled.jpg,https://clinicadeolhosbenchimol.com.br/closeup-shot-of-a-beautiful-brown-eye-2/,image/jpeg,725152,2560,1709,,no
2527,closeup-shot-of-a-beautiful-brown-eye,https://clinicadeolhosbenchimol.com.br/wp-content/uploads/2025/04/closeup-shot-beautiful-brown-eye-scaled.jpg,https://clinicadeolhosbenchimol.com.br/closeup-shot-of-a-beautiful-brown-eye/,image/jpeg,725152,2560,1709,,no
2519,senior-woman-glasses-rubs-her-eyes-suffering-from-tired-eyes-ocular-diseases-concept,https://clinicadeolhosbenchimol.com.br/wp-content/uploads/2025/03/senior-woman-glasses-rubs-her-eyes-suffering-from-tired-eyes-ocular-diseases-concept.jpg,https://clinicadeolhosbenchimol.com.br/mulheres-e-dmri-qual-e-a-relacao-apos-os-60-anos/senior-woman-glasses-rubs-her-eyes-suffering-from-tired-eyes-ocular-diseases-concept/,image/jpeg,171668,2000,1333,Mulheres DMRI,no
2516,medium-shot-woman-sitting-desk,https://clinicadeolhosbenchimol.com.br/wp-content/uploads/2025/03/medium-shot-woman-sitting-desk.jpg,https://clinicadeolhosbenchimol.com.br/mulheres-e-dmri-qual-e-a-relacao-apos-os-60-anos/medium-shot-woman-sitting-desk/,image/jpeg,481024,2000,1334,Olho Seco na Menopausa,no
2513,female-applying-eye-concelear-with-hand,https://clinicadeolhosbenchimol.com.br/wp-content/uploads/2025/03/female-applying-eye-concelear-with-hand-scaled.jpg,https://clinicadeolhosbenchimol.com.br/olho-seco-na-menopausa-ha-influencia/female-applying-eye-concelear-with-hand/,image/jpeg,326415,2560,1961,Olho Seco na Menopausa,no
2483,medical-team-performing-surgical-operation-in-modern-operating-room-3,https://clinicadeolhosbenchimol.com.br/wp-content/uploads/2025/02/medical-team-performing-surgical-operation-2.jpg,https://clinicadeolhosbenchimol.com.br/cirurgia-refrativa-o-que-e-e-indicacoes/medical-team-performing-surgical-operation-in-modern-operating-room-3/,image/jpeg,68532,740,493,Cirurgia Refrativa,no
2481,a-fashion-woman-face-with-beautiful-make-up,https://clinicadeolhosbenchimol.com.br/wp-content/uploads/2025/02/olhos-no-carnaval.jpg,https://clinicadeolhosbenchimol.com.br/cuidados-com-os-olhos-no-carnaval/a-fashion-woman-face-with-beautiful-make-up/,image/jpeg,100711,740,493,olhos no carnaval,no
2479,medical-team-performing-surgical-operation-in-modern-operating-room-2,https://clinicadeolhosbenchimol.com.br/wp-content/uploads/2025/02/medical-team-performing-surgical-operation-1-scaled.jpg,https://clinicadeolhosbenchimol.com.br/cirurgia-refrativa-o-que-e-e-indicacoes/medical-team-performing-surgical-operation-in-modern-operating-room-2/,image/jpeg,527229,2560,1707,,no
2478,medical-team-performing-surgical-operation-in-modern-operating-room,https://clinicadeolhosbenchimol.com.br/wp-content/uploads/2025/02/medical-team-performing-surgical-operation-scaled.jpg,https://clinicadeolhosbenchimol.com.br/cirurgia-refrativa-o-que-e-e-indicacoes/medical-team-performing-surgical-operation-in-modern-operating-room/,image/jpeg,527229,2560,1707,,no
2477,cirurgia-refrativa-2,https://clinicadeolhosbenchimol.com.br/wp-content/uploads/2025/02/Cirurgia-Refrativa-scaled.jpg,https://clinicadeolhosbenchimol.com.br/cirurgia-refrativa-o-que-e-e-indicacoes/cirurgia-refrativa-2/,image/jpeg,311804,2560,1703,Cirurgia Refrativa,no
2475,high-angle-doctor-drawing-with-marker,https://clinicadeolhosbenchimol.com.br/wp-content/uploads/2025/02/high-angle-doctor-drawing-with-marker-scaled.jpg,https://clinicadeolhosbenchimol.com.br/cirurgia-refrativa-o-que-e-e-indicacoes/high-angle-doctor-drawing-with-marker/,image/jpeg,341094,2560,1707,cirurgia refrativa,no
2472,close-up-photo-of-blissful-pale-girl-curious-young-woman-with-party-makeup-looking-to-camera,https://clinicadeolhosbenchimol.com.br/wp-content/uploads/2025/02/close-up-photo-blissful-pale-girl-curious-young-woman-with-party-makeup-scaled.jpg,https://clinicadeolhosbenchimol.com.br/cuidados-com-os-olhos-no-carnaval/close-up-photo-of-blissful-pale-girl-curious-young-woman-with-party-makeup-looking-to-camera/,image/jpeg,378301,2560,1707,Olhos no Carnaval,no
2471,beautiful-girl-with-body-art,https://clinicadeolhosbenchimol.com.br/wp-content/uploads/2025/02/beautiful-girl-with-body-art.jpg,https://clinicadeolhosbenchimol.com.br/cuidados-com-os-olhos-no-carnaval/beautiful-girl-with-body-art/,image/jpeg,,,,,no
2470,cute-model-wearing-yellow-eyeshadow-2,https://clinicadeolhosbenchimol.com.br/wp-content/uploads/2025/02/cute-model-wearing-yellow-eyeshadow-1-scaled.jpg,https://clinicadeolhosbenchimol.com.br/cuidados-com-os-olhos-no-carnaval/cute-model-wearing-yellow-eyeshadow-2/,image/jpeg,562194,1876,2560,,no
2469,cute-model-wearing-yellow-eyeshadow,https://clinicadeolhosbenchimol.com.br/wp-content/uploads/2025/02/cute-model-wearing-yellow-eyeshadow-scaled.jpg,https://clinicadeolhosbenchimol.com.br/cuidados-com-os-olhos-no-carnaval/cute-model-wearing-yellow-eyeshadow/,image/jpeg,562194,1876,2560,,no
2461,doencas-oculares-mais-comuns-2,https://clinicadeolhosbenchimol.com.br/wp-content/uploads/2025/01/Doencas-Oculares-Mais-Comuns.png,https://clinicadeolhosbenchimol.com.br/doencas-oculares-mais-comuns/doencas-oculares-mais-comuns-2/,image/png,1215282,1024,1024,Doenças Oculares mais Comuns,no
2449,image-4,https://clinicadeolhosbenchimol.com.br/wp-content/uploads/2025/01/image.jpg,https://clinicadeolhosbenchimol.com.br/quando-devo-usar-oculos/image-4/,image/jpeg,91981,1024,768,Quando devo usar óculos?,no
2446,doencas-oculares-mais-comuns,https://clinicadeolhosbenchimol.com.br/wp-content/uploads/2025/01/Doencas-Oculares-mais-Comuns.webp,https://clinicadeolhosbenchimol.com.br/doencas-oculares-mais-comuns/doencas-oculares-mais-comuns/,image/webp,206626,1024,1024,Doenças Oculares mais Comuns,no
2436,12,https://clinicadeolhosbenchimol.com.br/wp-content/uploads/2024/12/12.png,https://clinicadeolhosbenchimol.com.br/12/,image/png,367614,450,650,,no
2435,10,https://clinicadeolhosbenchimol.com.br/wp-content/uploads/2024/12/10.png,https://clinicadeolhosbenchimol.com.br/10/,image/png,239005,450,650,,no
2434,08,https://clinicadeolhosbenchimol.com.br/wp-content/uploads/2024/12/08.png,https://clinicadeolhosbenchimol.com.br/08/,image/png,370354,450,650,,no
2433,06,https://clinicadeolhosbenchimol.com.br/wp-content/uploads/2024/12/06.png,https://clinicadeolhosbenchimol.com.br/06/,image/png,220663,450,650,,no
2432,04,https://clinicadeolhosbenchimol.com.br/wp-content/uploads/2024/12/04.png,https://clinicadeolhosbenchimol.com.br/04/,image/png,386770,450,650,,no
2431,02,https://clinicadeolhosbenchimol.com.br/wp-content/uploads/2024/12/02.png,https://clinicadeolhosbenchimol.com.br/02/,image/png,418254,450,650,,no
2427,11,https://clinicadeolhosbenchimol.com.br/wp-content/uploads/2024/12/11.png,https://clinicadeolhosbenchimol.com.br/11/,image/png,842886,1320,580,,no
2426,09,https://clinicadeolhosbenchimol.com.br/wp-content/uploads/2024/12/09.png,https://clinicadeolhosbenchimol.com.br/09/,image/png,499363,1320,580,,no
2425,07,https://clinicadeolhosbenchimol.com.br/wp-content/uploads/2024/12/07.png,https://clinicadeolhosbenchimol.com.br/07/,image/png,1031257,1320,580,,no
2424,05,https://clinicadeolhosbenchimol.com.br/wp-content/uploads/2024/12/05.png,https://clinicadeolhosbenchimol.com.br/05/,image/png,572868,1320,580,,no
2423,03,https://clinicadeolhosbenchimol.com.br/wp-content/uploads/2024/12/03.png,https://clinicadeolhosbenchimol.com.br/03/,image/png,705618,1320,580,,no
2422,01,https://clinicadeolhosbenchimol.com.br/wp-content/uploads/2024/12/01.png,https://clinicadeolhosbenchimol.com.br/01/,image/png,1020768,1320,580,,no
2364,olhos-no-verao,https://clinicadeolhosbenchimol.com.br/wp-content/uploads/2024/12/olhos-no-verao.png,https://clinicadeolhosbenchimol.com.br/cuidados-com-os-olhos-no-verao-2/olhos-no-verao/,image/png,1774996,1024,1024,Olhos no Verão,no
2361,visao-na-pratica-de-atividades-fisicas,https://clinicadeolhosbenchimol.com.br/wp-content/uploads/2024/12/visao-na-pratica-de-atividades-fisicas.png,https://clinicadeolhosbenchimol.com.br/cuidados-com-a-visao-durante-a-pratica-de-atividades-fisicas/visao-na-pratica-de-atividades-fisicas/,image/png,1592153,1024,1024,https://www.cbo.net.br/conselho-brasileiro-de-oftalmologia-alerta-para-a-importancia-dos-cuidados-com-a-visao-na-pratica-de-atividades-fisicas,no
2353,imagem-site-4,https://clinicadeolhosbenchimol.com.br/wp-content/uploads/2024/12/imagem-site-4.png,https://clinicadeolhosbenchimol.com.br/imagem-site-4/,image/png,19365,625,250,,no
2346,whatsapp-image-2024-11-22-at-17-41-32,https://clinicadeolhosbenchimol.com.br/wp-content/uploads/2024/11/WhatsApp-Image-2024-11-22-at-17.41.32.jpeg,https://clinicadeolhosbenchimol.com.br/clinica-de-olhos-benchimol-tradicao-e-inovacao-em-oftalmologia/whatsapp-image-2024-11-22-at-17-41-32/,image/jpeg,32480,425,324,Dr. Raphael Benchimol e Dra. Veronica Benchimol,no
2345,whatsapp-image-2024-11-22-at-17-41-14,https://clinicadeolhosbenchimol.com.br/wp-content/uploads/2024/11/WhatsApp-Image-2024-11-22-at-17.41.14.jpeg,https://clinicadeolhosbenchimol.com.br/clinica-de-olhos-benchimol-tradicao-e-inovacao-em-oftalmologia/whatsapp-image-2024-11-22-at-17-41-14/,image/jpeg,30293,425,321,Dr. Raphael Benchimol e Dr. Sergio Benchimol,no
2344,whatsapp-image-2024-11-22-at-17-40-57,https://clinicadeolhosbenchimol.com.br/wp-content/uploads/2024/11/WhatsApp-Image-2024-11-22-at-17.40.57.jpeg,https://clinicadeolhosbenchimol.com.br/clinica-de-olhos-benchimol-tradicao-e-inovacao-em-oftalmologia/whatsapp-image-2024-11-22-at-17-40-57/,image/jpeg,70940,696,645,Dr. Raphael Benchimol e Dr. Sergio Benchimol,no
2343,6ae274c3-14eb-4f69-aafb-df0a4c6e52a7,https://clinicadeolhosbenchimol.com.br/wp-content/uploads/2024/11/6ae274c3-14eb-4f69-aafb-df0a4c6e52a7.jpg,https://clinicadeolhosbenchimol.com.br/clinica-de-olhos-benchimol-tradicao-e-inovacao-em-oftalmologia/6ae274c3-14eb-4f69-aafb-df0a4c6e52a7/,image/jpeg,281115,1600,914,Clínica de Olhos Benchimol: Tradição e Inovação em Oftalmologia,no
2339,whatsapp-image-2024-11-13-at-14-44-19,https://clinicadeolhosbenchimol.com.br/wp-content/uploads/2024/11/WhatsApp-Image-2024-11-13-at-14.44.19.jpeg,https://clinicadeolhosbenchimol.com.br/o-que-e-glaucoma-sintomas-causas-tipos-e-tratamento/whatsapp-image-2024-11-13-at-14-44-19/,image/jpeg,305796,1600,914,"O que é Glaucoma: Sintomas, Causas, Tipos e Tratamento",no
2327,imagem-site,https://clinicadeolhosbenchimol.com.br/wp-content/uploads/2024/11/imagem-site.png,https://clinicadeolhosbenchimol.com.br/imagem-site/,image/png,19209,625,250,,no
2306,whatsapp-image-2024-10-11-at-14-45-10,https://clinicadeolhosbenchimol.com.br/wp-content/uploads/2024/10/WhatsApp-Image-2024-10-11-at-14.45.10.jpeg,https://clinicadeolhosbenchimol.com.br/degeneracao-macular-sintomas-causas-tipos-e-tratamento/whatsapp-image-2024-10-11-at-14-45-10/,image/jpeg,299768,1600,914,"Degeneração Macular: Sintomas, Causas, Tipos e Tratamento",no
2303,whatsapp-image-2024-10-17-at-11-00-49,https://clinicadeolhosbenchimol.com.br/wp-content/uploads/2024/10/WhatsApp-Image-2024-10-17-at-11.00.49.jpeg,https://clinicadeolhosbenchimol.com.br/retinopatia-diabetica-sintomas-causas-tipos-e-tratamento/whatsapp-image-2024-10-17-at-11-00-49/,image/jpeg,376860,1600,914,"Retinopatia Diabética: Sintomas, Causas, Tipos e Tratamento",no
2286,whatsapp-image-2024-09-05-at-11-46-40,https://clinicadeolhosbenchimol.com.br/wp-content/uploads/2024/09/WhatsApp-Image-2024-09-05-at-11.46.40.jpeg,https://clinicadeolhosbenchimol.com.br/clinica-benchimol-oftalmologia-e-centro-de-tratamento-de-catarata/whatsapp-image-2024-09-05-at-11-46-40/,image/jpeg,275328,1315,751,Clínica Benchimol: Excelência em Oftalmologia e Centro de Tratamento de Catarata,no
2275,whatsapp-image-2024-09-05-at-10-47-26,https://clinicadeolhosbenchimol.com.br/wp-content/uploads/2024/09/WhatsApp-Image-2024-09-05-at-10.47.26.jpeg,https://clinicadeolhosbenchimol.com.br/catarata-sintomas-causas-tipos-e-tratamento/whatsapp-image-2024-09-05-at-10-47-26/,image/jpeg,95905,1079,614,"Catarata: Sintomas, Causas, Tipos e Tratamento",no
2259,nail-biting-in-anxiety-unnoticed-stress-signal-self-care-missed,https://clinicadeolhosbenchimol.com.br/wp-content/uploads/2024/07/dicas-cuidado-com-olhos-no-frio-scaled.jpg,https://clinicadeolhosbenchimol.com.br/dicas_cuidado_olhos_frio/nail-biting-in-anxiety-unnoticed-stress-signal-self-care-missed/,image/jpeg,355834,2560,1435,"Mulher sentindo frio, agasalhada, com um zoom nos olhos.",no
2254,close-up-portrait-of-young-man-on-blue-background,https://clinicadeolhosbenchimol.com.br/wp-content/uploads/2024/05/Estrabismo-causas-sintomas-tratamentos-scaled.jpg,https://clinicadeolhosbenchimol.com.br/estrabismo-causas-sintomas-tratamentos/close-up-portrait-of-young-man-on-blue-background/,image/jpeg,683485,2560,1707,,no
2198,blog-abril-2024,https://clinicadeolhosbenchimol.com.br/wp-content/uploads/2024/05/blog-abril-2024.png,https://clinicadeolhosbenchimol.com.br/tudo-sobre-a-cirurgia-de-catarata-vantagens-e-riscos-do-procedimento/blog-abril-2024/,image/png,864787,1022,682,,no
2170,blog-marco-01,https://clinicadeolhosbenchimol.com.br/wp-content/uploads/2024/03/blog-marco-01.jpg,https://clinicadeolhosbenchimol.com.br/quais-diferencas-entre-miopia-hipermetropia-e-astigmatismo/blog-marco-01/,image/jpeg,116006,1920,1274,,no
2162,blog-fevereiro-2024,https://clinicadeolhosbenchimol.com.br/wp-content/uploads/2024/03/blog-fevereiro-2024.webp,https://clinicadeolhosbenchimol.com.br/desmistificando-a-cirurgia-de-catarata-5-mitos-e-verdades-cruciais/blog-fevereiro-2024/,image/webp,94608,1668,1114,,no
2159,blog-janeiro-2024,https://clinicadeolhosbenchimol.com.br/wp-content/uploads/2024/01/blog-janeiro-2024.webp,https://clinicadeolhosbenchimol.com.br/mitos-e-verdades-sobre-olhos-claros-entenda-os-cuidados-necessarios-para-manter-a-saude-ocular-2/blog-janeiro-2024/,image/webp,35180,740,495,,no
2154,blog-dezembro-2023,https://clinicadeolhosbenchimol.com.br/wp-content/uploads/2024/03/blog-dezembro-2023.webp,https://clinicadeolhosbenchimol.com.br/dicas-para-prevenir-a-conjuntivite-bacteriana/blog-dezembro-2023/,image/webp,189414,740,384,,no
2150,blog-novembro-2023,https://clinicadeolhosbenchimol.com.br/wp-content/uploads/2024/03/blog-novembro-2023.webp,https://clinicadeolhosbenchimol.com.br/cuidados-com-os-olhos-na-menopausa/blog-novembro-2023/,image/webp,68490,1661,1114,,no
2146,blog-outubro-2023,https://clinicadeolhosbenchimol.com.br/wp-content/uploads/2024/03/blog-outubro-2023.webp,https://clinicadeolhosbenchimol.com.br/alerta-de-cuidado-para-maquiagens-nos-olhos-no-halloween/blog-outubro-2023/,image/webp,59744,745,1114,,no
2142,blog-setembro-2023,https://clinicadeolhosbenchimol.com.br/wp-content/uploads/2024/03/blog-setembro-2023.webp,https://clinicadeolhosbenchimol.com.br/claridade-incomodando-a-visao-conheca-possiveis-causas-e-como-tratar/blog-setembro-2023/,image/webp,11398,379,253,,no
2138,blog-agosto-2023,https://clinicadeolhosbenchimol.com.br/wp-content/uploads/2023/08/blog-agosto-2023.webp,https://clinicadeolhosbenchimol.com.br/pterigio-o-que-e-como-tratar-como-prevenir/blog-agosto-2023/,image/webp,15970,350,350,,no
2134,blog-julho-2023,https://clinicadeolhosbenchimol.com.br/wp-content/uploads/2023/07/blog-julho-2023.webp,https://clinicadeolhosbenchimol.com.br/glaucoma-congenito-o-que-e-e-por-que-o-diagnostico-precoce-e-fundamental/blog-julho-2023/,image/webp,14900,740,493,,no
2130,blog-junho-2023,https://clinicadeolhosbenchimol.com.br/wp-content/uploads/2023/06/blog-junho-2023.webp,https://clinicadeolhosbenchimol.com.br/infeccao-ocular-o-que-o-caso-do-ator-de-game-of-thrones-pode-nos-ensinar-sobre-isso-e-como-evitar/blog-junho-2023/,image/webp,32584,740,493,,no
2126,blog-maio-2023,https://clinicadeolhosbenchimol.com.br/wp-content/uploads/2023/04/blog-maio-2023.webp,https://clinicadeolhosbenchimol.com.br/glaucoma-e-catarata-quais-as-diferencas-entre-eles/blog-maio-2023/,image/webp,18100,740,494,,no
2122,blog-abril-2023,https://clinicadeolhosbenchimol.com.br/wp-content/uploads/2023/04/blog-abril-2023.webp,https://clinicadeolhosbenchimol.com.br/quais-as-consequencias-para-os-olhos-da-trend-de-passar-protetor-labial-nas-palpebras/blog-abril-2023/,image/webp,20828,740,493,,no
2118,blog-fevereiro-2023,https://clinicadeolhosbenchimol.com.br/wp-content/uploads/2023/02/blog-fevereiro-2023.webp,https://clinicadeolhosbenchimol.com.br/como-voce-pode-colaborar-com-a-saude-dos-seus-olhos/blog-fevereiro-2023/,image/webp,35214,740,493,,no
2111,blog-fevereiro-2021-05,https://clinicadeolhosbenchimol.com.br/wp-content/uploads/2021/02/blog-fevereiro-2021-05.webp,https://clinicadeolhosbenchimol.com.br/mulheres-podem-ser-daltonicas-como-um-daltonico-enxerga-e-outras-duvidas-frequentes-sobre-essa-doenca/blog-fevereiro-2021-05/,image/webp,159062,1485,1114,,no
2106,blog-fevereiro-2021-04,https://clinicadeolhosbenchimol.com.br/wp-content/uploads/2024/03/blog-fevereiro-2021-04.webp,https://clinicadeolhosbenchimol.com.br/8-dicas-para-proteger-a-saude-da-sua-visao/blog-fevereiro-2021-04/,image/webp,395868,740,740,,no
2102,blog-fevereiro-2021-03,https://clinicadeolhosbenchimol.com.br/wp-content/uploads/2021/02/blog-fevereiro-2021-03.webp,https://clinicadeolhosbenchimol.com.br/glaucoma-de-angulo-aberto-o-que-saber/blog-fevereiro-2021-03/,image/webp,275790,740,740,,no
2098,blog-fevereiro-2021-02,https://clinicadeolhosbenchimol.com.br/wp-content/uploads/2021/02/blog-fevereiro-2021-02.webp,https://clinicadeolhosbenchimol.com.br/cuidados-com-as-palpebras/blog-fevereiro-2021-02/,image/webp,298420,740,740,,no
2094,blog-fevereiro-2021,https://clinicadeolhosbenchimol.com.br/wp-content/uploads/2021/02/blog-fevereiro-2021.webp,https://clinicadeolhosbenchimol.com.br/daltonismo/blog-fevereiro-2021/,image/webp,285348,740,740,,no
2090,blog-janeiro-2021-07,https://clinicadeolhosbenchimol.com.br/wp-content/uploads/2021/01/blog-janeiro-2021-07.webp,https://clinicadeolhosbenchimol.com.br/auto-refrator/blog-janeiro-2021-07/,image/webp,135110,740,740,,no
2086,blog-janeiro-2021-06,https://clinicadeolhosbenchimol.com.br/wp-content/uploads/2021/01/blog-janeiro-2021-06.webp,https://clinicadeolhosbenchimol.com.br/check-up-ocular-anual/blog-janeiro-2021-06/,image/webp,337532,740,740,,no
2082,blog-janeiro-2021-05,https://clinicadeolhosbenchimol.com.br/wp-content/uploads/2021/01/blog-janeiro-2021-05.webp,https://clinicadeolhosbenchimol.com.br/4-curiosidades-sobre-a-visao/blog-janeiro-2021-05/,image/webp,200060,740,740,,no
2078,blog-janeiro-2021-04,https://clinicadeolhosbenchimol.com.br/wp-content/uploads/2021/01/blog-janeiro-2021-04.webp,https://clinicadeolhosbenchimol.com.br/automedicacao-pode-afetar-a-sua-saude-ocular/blog-janeiro-2021-04/,image/webp,271588,740,740,,no
2074,blog-janeiro-2021-03,https://clinicadeolhosbenchimol.com.br/wp-content/uploads/2021/01/blog-janeiro-2021-03.webp,https://clinicadeolhosbenchimol.com.br/verao-x-conjuntivite/blog-janeiro-2021-03/,image/webp,383212,740,740,,no
2070,blog-janeiro-2021-02,https://clinicadeolhosbenchimol.com.br/wp-content/uploads/2021/01/blog-janeiro-2021-02.webp,https://clinicadeolhosbenchimol.com.br/saude-ocular-x-carteira-de-habilitacao/blog-janeiro-2021-02/,image/webp,359642,740,740,,no
2066,blog-janeiro-2021,https://clinicadeolhosbenchimol.com.br/wp-content/uploads/2021/01/blog-janeiro-2021.webp,https://clinicadeolhosbenchimol.com.br/cuidados-oculares-no-verao/blog-janeiro-2021/,image/webp,330514,740,740,,no
2062,blog-dezembro-2020-05,https://clinicadeolhosbenchimol.com.br/wp-content/uploads/2020/12/blog-dezembro-2020-05.webp,https://clinicadeolhosbenchimol.com.br/quatro-doencas-oculares-mais-comuns-em-idosos/blog-dezembro-2020-05/,image/webp,347922,740,740,,no
2058,blog-dezembro-2020-04,https://clinicadeolhosbenchimol.com.br/wp-content/uploads/2020/12/blog-dezembro-2020-04.webp,https://clinicadeolhosbenchimol.com.br/causas-da-miopia-vao-alem-da-genetica/blog-dezembro-2020-04/,image/webp,126160,740,740,,no
2054,blog-dezembro-2020-03,https://clinicadeolhosbenchimol.com.br/wp-content/uploads/2020/12/blog-dezembro-2020-03.webp,https://clinicadeolhosbenchimol.com.br/mapeamento-de-retina-exame-ocular-que-pode-detectar-doencas-no-corpo/blog-dezembro-2020-03/,image/webp,274274,740,740,,no
2050,blog-dezembro-2020-02,https://clinicadeolhosbenchimol.com.br/wp-content/uploads/2020/12/blog-dezembro-2020-02.webp,https://clinicadeolhosbenchimol.com.br/tireoide-e-saude-ocular/blog-dezembro-2020-02/,image/webp,162938,740,740,,no
2046,blog-dezembro-2020-01,https://clinicadeolhosbenchimol.com.br/wp-content/uploads/2020/12/blog-dezembro-2020-01.webp,https://clinicadeolhosbenchimol.com.br/estresse-oxidativo-pode-comprometer-a-visao/blog-dezembro-2020-01/,image/webp,353244,740,740,,no
2042,blog-novembro-2020-07,https://clinicadeolhosbenchimol.com.br/wp-content/uploads/2020/11/blog-novembro-2020-07.webp,https://clinicadeolhosbenchimol.com.br/colirio-medicamento-requer-cuidados/blog-novembro-2020-07/,image/webp,285458,740,740,,no
2038,blog-novembro-2020-06,https://clinicadeolhosbenchimol.com.br/wp-content/uploads/2020/11/blog-novembro-2020-06.webp,https://clinicadeolhosbenchimol.com.br/por-que-o-olho-lacrimeja-quando-estamos-com-sono/blog-novembro-2020-06/,image/webp,303378,740,740,,no
2034,blog-novembro-2020-05,https://clinicadeolhosbenchimol.com.br/wp-content/uploads/2020/11/blog-novembro-2020-05.webp,https://clinicadeolhosbenchimol.com.br/cuidados-ao-maquiar-os-olhos/blog-novembro-2020-05/,image/webp,334318,740,740,,no
2030,blog-novembro-2020-04,https://clinicadeolhosbenchimol.com.br/wp-content/uploads/2020/11/blog-novembro-2020-04.webp,https://clinicadeolhosbenchimol.com.br/dicas-naturais-para-a-saude-da-sua-visao/blog-novembro-2020-04/,image/webp,232756,740,740,,no
2026,blog-novembro-2020-03,https://clinicadeolhosbenchimol.com.br/wp-content/uploads/2020/11/blog-novembro-2020-03.webp,https://clinicadeolhosbenchimol.com.br/maioria-dos-diabeticos-temem-perda-da-visao/blog-novembro-2020-03/,image/webp,381380,740,740,,no
2022,blog-novembro-2020-02,https://clinicadeolhosbenchimol.com.br/wp-content/uploads/2020/11/blog-novembro-2020-02.webp,https://clinicadeolhosbenchimol.com.br/visao-subnormal/blog-novembro-2020-02/,image/webp,194348,740,740,,no
2018,blog-novembro-2020-01,https://clinicadeolhosbenchimol.com.br/wp-content/uploads/2020/11/blog-novembro-2020-01.webp,https://clinicadeolhosbenchimol.com.br/voce-cuida-bem-da-sua-visao/blog-novembro-2020-01/,image/webp,301118,740,740,,no
2014,blog-outubro-2020-08,https://clinicadeolhosbenchimol.com.br/wp-content/uploads/2020/11/blog-outubro-2020-08.webp,https://clinicadeolhosbenchimol.com.br/melanose-primaria/blog-outubro-2020-08/,image/webp,310764,740,740,,no
2010,blog-outubro-2020-07,https://clinicadeolhosbenchimol.com.br/wp-content/uploads/2020/10/blog-outubro-2020-07.webp,https://clinicadeolhosbenchimol.com.br/olhos-ressecados/blog-outubro-2020-07/,image/webp,287834,740,740,,no
2006,blog-outubro-2020-06,https://clinicadeolhosbenchimol.com.br/wp-content/uploads/2020/10/blog-outubro-2020-06.webp,https://clinicadeolhosbenchimol.com.br/colesterol-e-saude-ocular/blog-outubro-2020-06/,image/webp,418776,740,740,,no
2002,blog-outubro-2020-05,https://clinicadeolhosbenchimol.com.br/wp-content/uploads/2024/03/blog-outubro-2020-05.webp,https://clinicadeolhosbenchimol.com.br/principais-emergencias-ligadas-a-visao/blog-outubro-2020-05/,image/webp,271540,740,740,,no
1998,blog-outubro-2020-04,https://clinicadeolhosbenchimol.com.br/wp-content/uploads/2020/10/blog-outubro-2020-04.webp,https://clinicadeolhosbenchimol.com.br/insonia-e-saude-ocular/blog-outubro-2020-04/,image/webp,320296,740,740,,no
1994,blog-outubro-2020-03,https://clinicadeolhosbenchimol.com.br/wp-content/uploads/2020/10/blog-outubro-2020-03.webp,https://clinicadeolhosbenchimol.com.br/a-importancia-dos-exames-oculares/blog-outubro-2020-03/,image/webp,346666,740,620,,no
1990,blog-outubro-2020-02,https://clinicadeolhosbenchimol.com.br/wp-content/uploads/2020/10/blog-outubro-2020-02.webp,https://clinicadeolhosbenchimol.com.br/as-aulas-trabalhos-virtuais-e-o-estresse-visual/blog-outubro-2020-02/,image/webp,305028,740,620,,no
1986,blog-outubro-2020-01,https://clinicadeolhosbenchimol.com.br/wp-content/uploads/2020/10/blog-outubro-2020-01.webp,https://clinicadeolhosbenchimol.com.br/cuidados-com-os-olhos-ao-praticar-exercicio-fisico/blog-outubro-2020-01/,image/webp,376168,740,620,,no
1982,blog-setembro-2020-08,https://clinicadeolhosbenchimol.com.br/wp-content/uploads/2020/09/blog-setembro-2020-08.webp,https://clinicadeolhosbenchimol.com.br/dicas-para-manter-a-visao-saudavel-ate-a-velhice/blog-setembro-2020-08/,image/webp,253356,740,620,,no
1978,blog-setembro-2020-07,https://clinicadeolhosbenchimol.com.br/wp-content/uploads/2020/09/blog-setembro-2020-07.webp,https://clinicadeolhosbenchimol.com.br/cuidados-da-saude-ocular-na-primavera/blog-setembro-2020-07/,image/webp,379170,740,620,,no
1974,blog-setembro-2020-06,https://clinicadeolhosbenchimol.com.br/wp-content/uploads/2020/09/blog-setembro-2020-06.webp,https://clinicadeolhosbenchimol.com.br/por-que-piscamos-os-olhos-2/blog-setembro-2020-06/,image/webp,388700,740,620,,no
1972,blog-setembro-2020-05,https://clinicadeolhosbenchimol.com.br/wp-content/uploads/2020/09/blog-setembro-2020-05.webp,https://clinicadeolhosbenchimol.com.br/por-que-piscamos-os-olhos-2/blog-setembro-2020-05/,image/webp,244112,740,620,,no
1968,blog-setembro-2020-04,https://clinicadeolhosbenchimol.com.br/wp-content/uploads/2020/09/blog-setembro-2020-04.webp,https://clinicadeolhosbenchimol.com.br/por-que-piscamos-os-olhos/blog-setembro-2020-04/,image/webp,244112,740,620,,no
1961,blog-setembro-2020-03,https://clinicadeolhosbenchimol.com.br/wp-content/uploads/2020/08/blog-setembro-2020-03.webp,https://clinicadeolhosbenchimol.com.br/voce-sabe-quais-os-cuidados-basicos-apos-a-realizacao-da-cirurgia-de-catarata/blog-setembro-2020-03/,image/webp,284348,740,620,,no
1957,blog-setembro-2020-02,https://clinicadeolhosbenchimol.com.br/wp-content/uploads/2020/09/blog-setembro-2020-02.webp,https://clinicadeolhosbenchimol.com.br/verdades-sobre-sua-visao/blog-setembro-2020-02/,image/webp,285610,740,620,,no
1953,blog-setembro-2020,https://clinicadeolhosbenchimol.com.br/wp-content/uploads/2020/09/blog-setembro-2020.webp,https://clinicadeolhosbenchimol.com.br/atividade-fisica-e-saude-ocular/blog-setembro-2020/,image/webp,241080,740,620,,no
1949,blog-agosto-2020-08,https://clinicadeolhosbenchimol.com.br/wp-content/uploads/2020/08/blog-agosto-2020-08.webp,https://clinicadeolhosbenchimol.com.br/hipertensao-um-risco-para-sua-visao/blog-agosto-2020-08/,image/webp,188974,740,620,,no
1945,blog-agosto-2020-07,https://clinicadeolhosbenchimol.com.br/wp-content/uploads/2020/08/blog-agosto-2020-07.webp,https://clinicadeolhosbenchimol.com.br/fotofobia/blog-agosto-2020-07/,image/webp,194946,740,620,,no
1941,blog-agosto-2020-06,https://clinicadeolhosbenchimol.com.br/wp-content/uploads/2020/08/blog-agosto-2020-06.webp,https://clinicadeolhosbenchimol.com.br/como-higienizar-corretamente-as-lentes-do-oculos/blog-agosto-2020-06/,image/webp,195156,740,620,,no
1937,blog-agosto-2020-05,https://clinicadeolhosbenchimol.com.br/wp-content/uploads/2020/08/blog-agosto-2020-05.webp,https://clinicadeolhosbenchimol.com.br/hipermetropia-2/blog-agosto-2020-05/,image/webp,187062,740,620,,no
1933,blog-agosto-2020-04,https://clinicadeolhosbenchimol.com.br/wp-content/uploads/2020/08/blog-agosto-2020-04.webp,https://clinicadeolhosbenchimol.com.br/miopia/blog-agosto-2020-04/,image/webp,209146,740,620,,no
1929,blog-agosto-2020-03,https://clinicadeolhosbenchimol.com.br/wp-content/uploads/2020/08/blog-agosto-2020-03.webp,https://clinicadeolhosbenchimol.com.br/astigmatismo/blog-agosto-2020-03/,image/webp,214392,740,620,,no
1925,blog-agosto-2020-02,https://clinicadeolhosbenchimol.com.br/wp-content/uploads/2020/08/blog-agosto-2020-02.webp,https://clinicadeolhosbenchimol.com.br/sintomas-iniciais-da-catarata/blog-agosto-2020-02/,image/webp,280290,740,620,,no
1921,blog-agosto-2020,https://clinicadeolhosbenchimol.com.br/wp-content/uploads/2020/08/blog-agosto-2020.webp,https://clinicadeolhosbenchimol.com.br/o-que-sao-moscas-volantes-na-visao/blog-agosto-2020/,image/webp,185150,740,370,,no
1917,blog-julho-2020-07,https://clinicadeolhosbenchimol.com.br/wp-content/uploads/2020/07/blog-julho-2020-07.webp,https://clinicadeolhosbenchimol.com.br/como-saber-se-a-pressao-ocular-esta-alta/blog-julho-2020-07/,image/webp,34624,740,493,,no
1913,blog-julho-2020-06,https://clinicadeolhosbenchimol.com.br/wp-content/uploads/2020/07/blog-julho-2020-06.webp,https://clinicadeolhosbenchimol.com.br/estresse-pode-aumentar-risco-de-glaucoma/blog-julho-2020-06/,image/webp,275238,740,620,,no
1909,blog-julho-2020-05,https://clinicadeolhosbenchimol.com.br/wp-content/uploads/2020/07/blog-julho-2020-05.webp,https://clinicadeolhosbenchimol.com.br/presbiopia/blog-julho-2020-05/,image/webp,18398,740,331,,no
1903,blog-julho-2020-04,https://clinicadeolhosbenchimol.com.br/wp-content/uploads/2020/07/blog-julho-2020-04.webp,https://clinicadeolhosbenchimol.com.br/ambliopia-ou-olho-preguicoso/blog-julho-2020-04/,image/webp,11856,536,311,,no
1899,blog-julho-2020-03,https://clinicadeolhosbenchimol.com.br/wp-content/uploads/2020/07/blog-julho-2020-03.webp,https://clinicadeolhosbenchimol.com.br/sinais-de-alerta-para-troca-de-oculos/blog-julho-2020-03/,image/webp,288360,740,620,,no
1895,blog-julho-2020-02-2,https://clinicadeolhosbenchimol.com.br/wp-content/uploads/2020/07/blog-julho-2020-02-1.webp,https://clinicadeolhosbenchimol.com.br/blefarite/blog-julho-2020-02-2/,image/webp,30158,740,494,,no
1894,blog-julho-2020-02,https://clinicadeolhosbenchimol.com.br/wp-content/uploads/2020/07/blog-julho-2020-02.webp,https://clinicadeolhosbenchimol.com.br/blefarite/blog-julho-2020-02/,image/webp,30158,740,494,,no
1890,blog-julho-2020,https://clinicadeolhosbenchimol.com.br/wp-content/uploads/2024/03/blog-julho-2020.webp,https://clinicadeolhosbenchimol.com.br/curiosidades-sobre-nossos-cilios/blog-julho-2020/,image/webp,3002,350,467,,no
1886,blog-junho-2020-03,https://clinicadeolhosbenchimol.com.br/wp-content/uploads/2020/06/blog-junho-2020-03.webp,https://clinicadeolhosbenchimol.com.br/por-que-sinto-tremor-nas-palpebras/blog-junho-2020-03/,image/webp,6924,350,256,,no
1882,blog-junho-2020-02,https://clinicadeolhosbenchimol.com.br/wp-content/uploads/2024/06/blog-junho-2020-02.webp,https://clinicadeolhosbenchimol.com.br/tercol-o-que-e/blog-junho-2020-02/,image/webp,316292,740,620,,no
1878,blog-junho-2020,https://clinicadeolhosbenchimol.com.br/wp-content/uploads/2020/06/blog-junho-2020.webp,https://clinicadeolhosbenchimol.com.br/saude-ocular-no-inverno/blog-junho-2020/,image/webp,440088,740,620,,no
1874,blog-fevereiro-2020,https://clinicadeolhosbenchimol.com.br/wp-content/uploads/2020/02/blog-fevereiro-2020.webp,https://clinicadeolhosbenchimol.com.br/volta-as-aulas-atencao-a-saude-ocular-infantil/blog-fevereiro-2020/,image/webp,32752,740,494,,no
1870,blog-janeiro-2020-03,https://clinicadeolhosbenchimol.com.br/wp-content/uploads/2020/01/blog-janeiro-2020-03.webp,https://clinicadeolhosbenchimol.com.br/maquiagem-seguranca-e-cuidados/blog-janeiro-2020-03/,image/webp,10526,350,233,,no
1866,blog-janeiro-2020-02,https://clinicadeolhosbenchimol.com.br/wp-content/uploads/2020/01/blog-janeiro-2020-02.webp,https://clinicadeolhosbenchimol.com.br/cuidados-com-a-visao-no-verao/blog-janeiro-2020-02/,image/webp,13692,350,233,,no
1862,blog-janeiro-2020,https://clinicadeolhosbenchimol.com.br/wp-content/uploads/2020/01/blog-janeiro-2020.webp,https://clinicadeolhosbenchimol.com.br/a-importancia-de-se-consultar-com-um-oftalmologista/blog-janeiro-2020/,image/webp,11188,350,272,,no
1858,blog04-novembro-2019,https://clinicadeolhosbenchimol.com.br/wp-content/uploads/2019/11/blog04-novembro-2019.webp,https://clinicadeolhosbenchimol.com.br/analise-de-imagem-da-retina-promete-auxiliar-no-diagnostico-precoce-do-alzheimer/blog04-novembro-2019/,image/webp,97514,740,417,,no
1851,blog03-novembro-2019,https://clinicadeolhosbenchimol.com.br/wp-content/uploads/2019/11/blog03-novembro-2019.webp,https://clinicadeolhosbenchimol.com.br/14-de-novembro-dia-mundial-do-diabetes/blog03-novembro-2019/,image/webp,10436,350,347,,no
1847,blog02-novembro-2019,https://clinicadeolhosbenchimol.com.br/wp-content/uploads/2024/03/blog02-novembro-2019.webp,https://clinicadeolhosbenchimol.com.br/uveite-doenca-pouco-conhecida-e-que-preocupa/blog02-novembro-2019/,image/webp,6732,350,175,,no
1846,blog01-novembro-2019,https://clinicadeolhosbenchimol.com.br/wp-content/uploads/2024/03/blog01-novembro-2019.webp,https://clinicadeolhosbenchimol.com.br/uveite-doenca-pouco-conhecida-e-que-preocupa/blog01-novembro-2019/,image/webp,18354,350,220,,no
1842,blog03-agosto-2019,https://clinicadeolhosbenchimol.com.br/wp-content/uploads/2024/03/blog03-agosto-2019.webp,https://clinicadeolhosbenchimol.com.br/a-tela-de-amsler-e-a-deteccao-precoce-da-degeneracao-macular-relacionada-a-idade/blog03-agosto-2019/,image/webp,57928,740,267,,no
1841,blog02-agosto-2019,https://clinicadeolhosbenchimol.com.br/wp-content/uploads/2024/03/blog02-agosto-2019.webp,https://clinicadeolhosbenchimol.com.br/a-tela-de-amsler-e-a-deteccao-precoce-da-degeneracao-macular-relacionada-a-idade/blog02-agosto-2019/,image/webp,28628,740,493,,no
1840,blog01-agosto-2019,https://clinicadeolhosbenchimol.com.br/wp-content/uploads/2024/03/blog01-agosto-2019.webp,https://clinicadeolhosbenchimol.com.br/a-tela-de-amsler-e-a-deteccao-precoce-da-degeneracao-macular-relacionada-a-idade/blog01-agosto-2019/,image/webp,54794,740,1038,,no
1836,blog07-julho-2019,https://clinicadeolhosbenchimol.com.br/wp-content/uploads/2024/03/blog07-julho-2019.webp,https://clinicadeolhosbenchimol.com.br/novo-estudo-indica-que-cirurgia-de-catarata-e-aparelhos-auditivos-podem-prevenir-a-demencia/blog07-julho-2019/,image/webp,42850,740,493,,no
1832,blog05-julho-2019,https://clinicadeolhosbenchimol.com.br/wp-content/uploads/2024/03/blog05-julho-2019.webp,https://clinicadeolhosbenchimol.com.br/os-5-principais-fatores-de-risco-da-degeneracao-macular-e-o-que-fazer-para-evita-los/blog05-julho-2019/,image/webp,66018,740,493,,no
1831,blog04-julho-2019,https://clinicadeolhosbenchimol.com.br/wp-content/uploads/2024/03/blog04-julho-2019.webp,https://clinicadeolhosbenchimol.com.br/os-5-principais-fatores-de-risco-da-degeneracao-macular-e-o-que-fazer-para-evita-los/blog04-julho-2019/,image/webp,98138,740,493,,no
1830,blog03-julho-2019,https://clinicadeolhosbenchimol.com.br/wp-content/uploads/2024/03/blog03-julho-2019.webp,https://clinicadeolhosbenchimol.com.br/os-5-principais-fatores-de-risco-da-degeneracao-macular-e-o-que-fazer-para-evita-los/blog03-julho-2019/,image/webp,75166,740,493,,no
1829,blog02-julho-2019,https://clinicadeolhosbenchimol.com.br/wp-content/uploads/2024/03/blog02-julho-2019.webp,https://clinicadeolhosbenchimol.com.br/os-5-principais-fatores-de-risco-da-degeneracao-macular-e-o-que-fazer-para-evita-los/blog02-julho-2019/,image/webp,62986,740,492,,no
1828,blog06-julho-2019,https://clinicadeolhosbenchimol.com.br/wp-content/uploads/2019/07/blog06-julho-2019.webp,https://clinicadeolhosbenchimol.com.br/os-5-principais-fatores-de-risco-da-degeneracao-macular-e-o-que-fazer-para-evita-los/blog06-julho-2019/,image/webp,55412,740,493,,no
1825,image-3,https://clinicadeolhosbenchimol.com.br/wp-content/uploads/2024/03/image-3.png,https://clinicadeolhosbenchimol.com.br/estudo-aponta-que-cirurgia-de-catarata-pode-melhorar-o-glaucoma/image-3/,image/png,550416,740,500,,no
1824,blog01-julho-2019,https://clinicadeolhosbenchimol.com.br/wp-content/uploads/2019/07/blog01-julho-2019.webp,https://clinicadeolhosbenchimol.com.br/estudo-aponta-que-cirurgia-de-catarata-pode-melhorar-o-glaucoma/blog01-julho-2019/,image/webp,45970,740,494,,no
1819,blog03-junho-2019,https://clinicadeolhosbenchimol.com.br/wp-content/uploads/2024/03/blog03-junho-2019.webp,https://clinicadeolhosbenchimol.com.br/voce-sofre-de-pressao-alta-cuidado-ela-pode-causar-trombose-ocular-e-ate-mesmo-cegueira/blog03-junho-2019/,image/webp,66018,740,493,,no
1815,blog02-junho-2019,https://clinicadeolhosbenchimol.com.br/wp-content/uploads/2019/07/blog02-junho-2019.webp,https://clinicadeolhosbenchimol.com.br/e-ai-doutor-vou-sentir-dor/blog02-junho-2019/,image/webp,34806,740,493,,no
1811,blog01-junho-2019-2,https://clinicadeolhosbenchimol.com.br/wp-content/uploads/2024/03/blog01-junho-2019.webp,https://clinicadeolhosbenchimol.com.br/fique-atento-saiba-identificar-os-quatro-principais-sintomas-da-retinopatia-diabetica/blog01-junho-2019-2/,image/webp,240632,736,563,,no
1810,blog01-junho-2019,https://clinicadeolhosbenchimol.com.br/wp-content/uploads/2019/06/blog01-junho-2019.webp,https://clinicadeolhosbenchimol.com.br/fique-atento-saiba-identificar-os-quatro-principais-sintomas-da-retinopatia-diabetica/blog01-junho-2019/,image/webp,240632,736,563,,no
1806,image-2,https://clinicadeolhosbenchimol.com.br/wp-content/uploads/2024/03/image-2.png,https://clinicadeolhosbenchimol.com.br/oct-e-antiangiogenicos-o-equipamento-e-o-medicamento-que-atuam-no-combate-a-retinopatia-diabetica/image-2/,image/png,556749,636,573,,no
1805,blog02-maio-2019,https://clinicadeolhosbenchimol.com.br/wp-content/uploads/2024/05/blog02-maio-2019.webp,https://clinicadeolhosbenchimol.com.br/oct-e-antiangiogenicos-o-equipamento-e-o-medicamento-que-atuam-no-combate-a-retinopatia-diabetica/blog02-maio-2019/,image/webp,41670,740,674,,no
1799,blog01-maio-2019,https://clinicadeolhosbenchimol.com.br/wp-content/uploads/2019/05/blog01-maio-2019.webp,https://clinicadeolhosbenchimol.com.br/como-uma-alimentacao-correta-pode-evitar-o-aparecimento-de-doencas-oculares-como-dmri-e-olho-seco/blog01-maio-2019/,image/webp,386050,1671,1114,,no
1793,blog02-maico-2019,https://clinicadeolhosbenchimol.com.br/wp-content/uploads/2024/03/blog02-maico-2019.webp,https://clinicadeolhosbenchimol.com.br/aparelho-mais-moderno-do-mundo-para-deteccao-de-patologias-da-retina-chega-a-clinica-benchimol/blog02-maico-2019/,image/webp,31690,740,555,,no
1789,blog03-abril-2019,https://clinicadeolhosbenchimol.com.br/wp-content/uploads/2024/03/blog03-abril-2019.jpg,https://clinicadeolhosbenchimol.com.br/lentes-intraoculares-uma-nova-tendencia-para-corrigir-problemas-da-visao/blog03-abril-2019/,image/jpeg,33205,460,345,,no
1785,blog02-abril-2019,https://clinicadeolhosbenchimol.com.br/wp-content/uploads/2024/03/blog02-abril-2019.webp,https://clinicadeolhosbenchimol.com.br/ceratocone-causas-sintomas-e-tratamentos/blog02-abril-2019/,image/webp,153008,1664,1114,,no
1780,blog-abril-2019,https://clinicadeolhosbenchimol.com.br/wp-content/uploads/2024/03/blog-abril-2019.webp,https://clinicadeolhosbenchimol.com.br/olho-seco-sintomas-causas-e-tratamento/blog-abril-2019/,image/webp,228340,1114,1114,,no
1776,blog-maico-2019,https://clinicadeolhosbenchimol.com.br/wp-content/uploads/2024/03/blog-maico-2019.webp,https://clinicadeolhosbenchimol.com.br/injecoes-intravitreas-a-tecnica-revolucionaria-para-o-tratamento-de-dmri-e-retinopatia-diabetica/blog-maico-2019/,image/webp,54416,328,328,,no
1771,image-1,https://clinicadeolhosbenchimol.com.br/wp-content/uploads/2024/03/image-1.png,https://clinicadeolhosbenchimol.com.br/cuidado-o-diabetes-tambem-pode-causar-cegueira/image-1/,image/png,247686,850,400,,no
1767,blog-marco-2019,https://clinicadeolhosbenchimol.com.br/wp-content/uploads/2019/03/blog-marco-2019.webp,https://clinicadeolhosbenchimol.com.br/relacionada-a-idade-ou-dmri/blog-marco-2019/,image/webp,26934,694,300,,no
1757,blog-novembro-2018,https://clinicadeolhosbenchimol.com.br/wp-content/uploads/2018/11/blog-novembro-2018.webp,https://clinicadeolhosbenchimol.com.br/cirurgia-de-catarata-pode-prolongar-a-vida-de-mulheres/blog-novembro-2018/,image/webp,288138,1700,1131,,no
1753,image,https://clinicadeolhosbenchimol.com.br/wp-content/uploads/2024/03/image.png,https://clinicadeolhosbenchimol.com.br/glaucoma-e-hereditario/image/,image/png,173846,917,209,,no
1752,blog03-outubro-2018,https://clinicadeolhosbenchimol.com.br/wp-content/uploads/2024/03/blog03-outubro-2018.jpg,https://clinicadeolhosbenchimol.com.br/glaucoma-e-hereditario/blog03-outubro-2018/,image/jpeg,357301,1500,844,,no
1748,catarata-blog-001,https://clinicadeolhosbenchimol.com.br/wp-content/uploads/2024/03/catarata-blog-001.png,https://clinicadeolhosbenchimol.com.br/catarata-tipos-causas-fatores-de-risco-e-sintomas/catarata-blog-001/,image/png,162383,791,251,,no
1747,blog02-outubro-2018,https://clinicadeolhosbenchimol.com.br/wp-content/uploads/2024/03/blog02-outubro-2018.webp,https://clinicadeolhosbenchimol.com.br/catarata-tipos-causas-fatores-de-risco-e-sintomas/blog02-outubro-2018/,image/webp,186458,694,388,,no
1743,blog-outubro-2018,https://clinicadeolhosbenchimol.com.br/wp-content/uploads/2018/10/blog-outubro-2018.webp,https://clinicadeolhosbenchimol.com.br/comer-verduras-pode-ajudar-a-prevenir-a-degeneracao-macular/blog-outubro-2018/,image/webp,333986,694,411,,no
1692,benchimol-selo,https://clinicadeolhosbenchimol.com.br/wp-content/uploads/2023/03/Benchimol-Selo.png,https://clinicadeolhosbenchimol.com.br/benchimol-selo/,image/png,14868,350,174,,no
1311,olho-seco-2,https://clinicadeolhosbenchimol.com.br/wp-content/uploads/2023/02/Olho-Seco.webp,https://clinicadeolhosbenchimol.com.br/olho-seco-2/,image/webp,16620,338,316,,no
1284,visao_com_dmri_,https://clinicadeolhosbenchimol.com.br/wp-content/uploads/2023/02/visao_com_dmri_.webp,https://clinicadeolhosbenchimol.com.br/visao_com_dmri_/,image/webp,18680,540,233,,no
1269,cirurgia-glaucoma,https://clinicadeolhosbenchimol.com.br/wp-content/uploads/2023/02/Cirurgia-Glaucoma.webp,https://clinicadeolhosbenchimol.com.br/cirurgia-glaucoma/,image/webp,12952,385,359,,no
1262,teste_de_pressao_ocular,https://clinicadeolhosbenchimol.com.br/wp-content/uploads/2023/02/Teste_de_pressao_ocular.webp,https://clinicadeolhosbenchimol.com.br/teste_de_pressao_ocular/,image/webp,9304,369,208,,no
1256,retinopatia-diabetica-um-risco-silencios,https://clinicadeolhosbenchimol.com.br/wp-content/uploads/2023/02/retinopatia-diabetica-um-risco-silencios.webp,https://clinicadeolhosbenchimol.com.br/retinopatia-diabetica-um-risco-silencios/,image/webp,40762,440,207,,no
1252,retina_clinica_imagem,https://clinicadeolhosbenchimol.com.br/wp-content/uploads/2023/02/Retina_Clinica_Imagem.webp,https://clinicadeolhosbenchimol.com.br/retina_clinica_imagem/,image/webp,13956,286,271,,no
1210,miopia-hipermetropia-astigmatismo,https://clinicadeolhosbenchimol.com.br/wp-content/uploads/2023/02/miopia-hipermetropia-astigmatismo.webp,https://clinicadeolhosbenchimol.com.br/miopia-hipermetropia-astigmatismo/,image/webp,12570,480,232,,no
1185,cirurgia,https://clinicadeolhosbenchimol.com.br/wp-content/uploads/2023/02/cirurgia.jpg,https://clinicadeolhosbenchimol.com.br/especialidades/cirurgia/,image/jpeg,202341,980,523,,no
1174,lente-intraocular,https://clinicadeolhosbenchimol.com.br/wp-content/uploads/2023/02/Lente-intraocular-.webp,https://clinicadeolhosbenchimol.com.br/lente-intraocular/,image/webp,3550,326,276,,no
1167,catarata_completo-13-e-book-2,https://clinicadeolhosbenchimol.com.br/wp-content/uploads/2023/02/Catarata_Completo-13-E-book-1.webp,https://clinicadeolhosbenchimol.com.br/catarata_completo-13-e-book-2/,image/webp,47618,473,133,,no
1165,catarata_completo-13-e-book,https://clinicadeolhosbenchimol.com.br/wp-content/uploads/2023/02/Catarata_Completo-13-E-book.webp,https://clinicadeolhosbenchimol.com.br/catarata_completo-13-e-book/,image/webp,47618,473,133,,no
1158,catarata-1,https://clinicadeolhosbenchimol.com.br/wp-content/uploads/2023/02/catarata-1.webp,https://clinicadeolhosbenchimol.com.br/catarata-1/,image/webp,90502,272,258,,no
1086,img_6902,https://clinicadeolhosbenchimol.com.br/wp-content/uploads/2023/02/IMG_6902.webp,https://clinicadeolhosbenchimol.com.br/img_6902/,image/webp,6818,249,207,,no
1085,img_6795,https://clinicadeolhosbenchimol.com.br/wp-content/uploads/2023/02/IMG_6795.webp,https://clinicadeolhosbenchimol.com.br/img_6795/,image/webp,7078,313,208,,no
1084,associacao_dos_hospitais_do_rj,https://clinicadeolhosbenchimol.com.br/wp-content/uploads/2023/02/Associacao_dos_Hospitais_do_RJ.webp,https://clinicadeolhosbenchimol.com.br/associacao_dos_hospitais_do_rj/,image/webp,26106,222,153,,no
1019,yag-laser,https://clinicadeolhosbenchimol.com.br/wp-content/uploads/2023/02/YAG-Laser.webp,https://clinicadeolhosbenchimol.com.br/equipamentos/yag-laser/,image/webp,19156,361,546,,no
1018,tonometro-de-pascal,https://clinicadeolhosbenchimol.com.br/wp-content/uploads/2023/02/Tonometro-de-Pascal.webp,https://clinicadeolhosbenchimol.com.br/equipamentos/tonometro-de-pascal/,image/webp,43012,568,546,,no
1017,scanner-laser-daytona,https://clinicadeolhosbenchimol.com.br/wp-content/uploads/2023/02/Scanner-Laser-Daytona.webp,https://clinicadeolhosbenchimol.com.br/equipamentos/scanner-laser-daytona/,image/webp,48076,730,546,,no
1016,potential-accuit-meter,https://clinicadeolhosbenchimol.com.br/wp-content/uploads/2023/02/Potential-Accuit-Meter.webp,https://clinicadeolhosbenchimol.com.br/equipamentos/potential-accuit-meter/,image/webp,14588,361,546,,no
1015,pentacan,https://clinicadeolhosbenchimol.com.br/wp-content/uploads/2023/02/pentacan.webp,https://clinicadeolhosbenchimol.com.br/equipamentos/pentacan/,image/webp,61784,740,772,,no
1014,octopus-900,https://clinicadeolhosbenchimol.com.br/wp-content/uploads/2023/02/Octopus-900.webp,https://clinicadeolhosbenchimol.com.br/equipamentos/octopus-900/,image/webp,26566,572,546,,no
1013,oct-cyrrus,https://clinicadeolhosbenchimol.com.br/wp-content/uploads/2023/02/OCT-Cyrrus.webp,https://clinicadeolhosbenchimol.com.br/equipamentos/oct-cyrrus/,image/webp,69094,843,768,,no
1009,nonmdy,https://clinicadeolhosbenchimol.com.br/wp-content/uploads/2023/02/Nonmdy.webp,https://clinicadeolhosbenchimol.com.br/equipamentos/nonmdy/,image/webp,40892,823,546,,no
1008,microscopio-especular-da-cornea-nidek,https://clinicadeolhosbenchimol.com.br/wp-content/uploads/2023/02/Microscopio-Especular-da-Cornea-NIDEK.webp,https://clinicadeolhosbenchimol.com.br/equipamentos/microscopio-especular-da-cornea-nidek/,image/webp,38574,453,546,,no
1007,microscopio-cirurgico,https://clinicadeolhosbenchimol.com.br/wp-content/uploads/2023/02/Microscopio-Cirurgico.webp,https://clinicadeolhosbenchimol.com.br/equipamentos/microscopio-cirurgico/,image/webp,34424,430,546,,no
1006,laser-micropulso,https://clinicadeolhosbenchimol.com.br/wp-content/uploads/2023/02/Laser-micropulso.webp,https://clinicadeolhosbenchimol.com.br/equipamentos/laser-micropulso/,image/webp,20664,361,546,,no
1005,laser-cyclo-g6,https://clinicadeolhosbenchimol.com.br/wp-content/uploads/2023/02/Laser-Cyclo-G6.webp,https://clinicadeolhosbenchimol.com.br/equipamentos/laser-cyclo-g6/,image/webp,65262,844,546,,no
1004,keratograph-5m,https://clinicadeolhosbenchimol.com.br/wp-content/uploads/2023/02/Keratograph-5M.webp,https://clinicadeolhosbenchimol.com.br/equipamentos/keratograph-5m/,image/webp,85748,800,853,,no
1003,iol-master-700,https://clinicadeolhosbenchimol.com.br/wp-content/uploads/2023/02/IOL-Master-700.webp,https://clinicadeolhosbenchimol.com.br/equipamentos/iol-master-700/,image/webp,33532,677,546,,no
1002,facoemulsificador,https://clinicadeolhosbenchimol.com.br/wp-content/uploads/2023/02/Facoemulsificador.webp,https://clinicadeolhosbenchimol.com.br/equipamentos/facoemulsificador/,image/webp,81816,800,546,,no
1001,eletroretinografo-diopsys,https://clinicadeolhosbenchimol.com.br/wp-content/uploads/2023/02/Eletroretinografo-DIOPSYS.webp,https://clinicadeolhosbenchimol.com.br/equipamentos/eletroretinografo-diopsys/,image/webp,40540,547,514,,no
1000,eco-dopler-ocular,https://clinicadeolhosbenchimol.com.br/wp-content/uploads/2023/02/Eco-Dopler-ocular.webp,https://clinicadeolhosbenchimol.com.br/equipamentos/eco-dopler-ocular/,image/webp,32794,317,423,,no
999,auto-tonometro,https://clinicadeolhosbenchimol.com.br/wp-content/uploads/2023/02/Auto-Tonometro.webp,https://clinicadeolhosbenchimol.com.br/equipamentos/auto-tonometro/,image/webp,18760,324,391,,no
998,auto-refrator,https://clinicadeolhosbenchimol.com.br/wp-content/uploads/2023/02/Auto-Refrator.webp,https://clinicadeolhosbenchimol.com.br/equipamentos/auto-refrator/,image/webp,90880,762,853,,no
982,0715b5_cde2f267fcf24d07be981c1a3ce92134_mv2,https://clinicadeolhosbenchimol.com.br/wp-content/uploads/2023/02/0715b5_cde2f267fcf24d07be981c1a3ce92134_mv2.webp,https://clinicadeolhosbenchimol.com.br/pgc_simply_gallery/copacabana-2/0715b5_cde2f267fcf24d07be981c1a3ce92134_mv2/,image/webp,271816,731,410,,no
981,0715b5_b9e6a485813d432988dca64fcf874fba_mv2,https://clinicadeolhosbenchimol.com.br/wp-content/uploads/2023/02/0715b5_b9e6a485813d432988dca64fcf874fba_mv2.webp,https://clinicadeolhosbenchimol.com.br/pgc_simply_gallery/copacabana-2/0715b5_b9e6a485813d432988dca64fcf874fba_mv2/,image/webp,114286,981,521,,no
980,0715b5_ac308a843bf9407b9723e47d841492ea_mv2_d_4032_3024_s_4_2,https://clinicadeolhosbenchimol.com.br/wp-content/uploads/2023/02/0715b5_ac308a843bf9407b9723e47d841492ea_mv2_d_4032_3024_s_4_2.webp,https://clinicadeolhosbenchimol.com.br/pgc_simply_gallery/copacabana-2/0715b5_ac308a843bf9407b9723e47d841492ea_mv2_d_4032_3024_s_4_2/,image/webp,60406,981,521,,no
979,0715b5_269e82686bef4d32a6d6e51f7eaa45e2_mv2_d_2318_1536_s_2,https://clinicadeolhosbenchimol.com.br/wp-content/uploads/2023/02/0715b5_269e82686bef4d32a6d6e51f7eaa45e2_mv2_d_2318_1536_s_2.webp,https://clinicadeolhosbenchimol.com.br/pgc_simply_gallery/copacabana-2/0715b5_269e82686bef4d32a6d6e51f7eaa45e2_mv2_d_2318_1536_s_2/,image/webp,77044,980,523,,no
978,0715b5_93bb143b9d744d0086b15796ad0d87db_mv2,https://clinicadeolhosbenchimol.com.br/wp-content/uploads/2023/02/0715b5_93bb143b9d744d0086b15796ad0d87db_mv2.webp,https://clinicadeolhosbenchimol.com.br/pgc_simply_gallery/copacabana-2/0715b5_93bb143b9d744d0086b15796ad0d87db_mv2/,image/webp,112196,981,521,,no
977,0715b5_86ff30ca4fa6421b8dee351443bff940_mv2_d_4032_3024_s_4_2,https://clinicadeolhosbenchimol.com.br/wp-content/uploads/2023/02/0715b5_86ff30ca4fa6421b8dee351443bff940_mv2_d_4032_3024_s_4_2.webp,https://clinicadeolhosbenchimol.com.br/pgc_simply_gallery/copacabana-2/0715b5_86ff30ca4fa6421b8dee351443bff940_mv2_d_4032_3024_s_4_2/,image/webp,64886,981,521,,no
976,0715b5_82f1fa29747345b0b099edb2f494173c_mv2_d_2278_1536_s_2,https://clinicadeolhosbenchimol.com.br/wp-content/uploads/2023/02/0715b5_82f1fa29747345b0b099edb2f494173c_mv2_d_2278_1536_s_2.webp,https://clinicadeolhosbenchimol.com.br/pgc_simply_gallery/copacabana-2/0715b5_82f1fa29747345b0b099edb2f494173c_mv2_d_2278_1536_s_2/,image/webp,56534,980,523,,no
975,0715b5_42d18314704947da826f68faf0771545_mv2,https://clinicadeolhosbenchimol.com.br/wp-content/uploads/2023/02/0715b5_42d18314704947da826f68faf0771545_mv2.webp,https://clinicadeolhosbenchimol.com.br/pgc_simply_gallery/copacabana-2/0715b5_42d18314704947da826f68faf0771545_mv2/,image/webp,93334,981,521,,no
974,0715b5_33d53cefd1d94d19851610ee7d7d500c_mv2,https://clinicadeolhosbenchimol.com.br/wp-content/uploads/2023/02/0715b5_33d53cefd1d94d19851610ee7d7d500c_mv2.webp,https://clinicadeolhosbenchimol.com.br/pgc_simply_gallery/copacabana-2/0715b5_33d53cefd1d94d19851610ee7d7d500c_mv2/,image/webp,96406,980,523,,no
973,0715b5_9b181362540b49f5b091f720ab9e21b2_mv2-1,https://clinicadeolhosbenchimol.com.br/wp-content/uploads/2023/02/0715b5_9b181362540b49f5b091f720ab9e21b2_mv2-1.webp,https://clinicadeolhosbenchimol.com.br/pgc_simply_gallery/copacabana-2/0715b5_9b181362540b49f5b091f720ab9e21b2_mv2-1/,image/webp,52174,724,483,,no
972,0715b5_8e9ad62349de48049d2bb691de5e31ed_mv2_d_4032_3024_s_4_2,https://clinicadeolhosbenchimol.com.br/wp-content/uploads/2023/02/0715b5_8e9ad62349de48049d2bb691de5e31ed_mv2_d_4032_3024_s_4_2.webp,https://clinicadeolhosbenchimol.com.br/pgc_simply_gallery/copacabana-2/0715b5_8e9ad62349de48049d2bb691de5e31ed_mv2_d_4032_3024_s_4_2/,image/webp,87152,981,521,,no
971,0715b5_6c18d8d7634c481e8083219a2abeb7c3_mv2_d_4032_3024_s_4_2,https://clinicadeolhosbenchimol.com.br/wp-content/uploads/2023/02/0715b5_6c18d8d7634c481e8083219a2abeb7c3_mv2_d_4032_3024_s_4_2.webp,https://clinicadeolhosbenchimol.com.br/pgc_simply_gallery/copacabana-2/0715b5_6c18d8d7634c481e8083219a2abeb7c3_mv2_d_4032_3024_s_4_2/,image/webp,89596,981,521,,no
949,consultorio2,https://clinicadeolhosbenchimol.com.br/wp-content/uploads/2023/02/consultorio2.webp,https://clinicadeolhosbenchimol.com.br/consultorio2/,image/webp,55596,980,523,,no
948,consultorio1,https://clinicadeolhosbenchimol.com.br/wp-content/uploads/2023/02/consultorio1.webp,https://clinicadeolhosbenchimol.com.br/consultorio1/,image/webp,63708,980,523,,no
947,0715b5_f98c9e80ab2b4e65b8f841266dc647e5_mv2_d_1967_1536_s_2,https://clinicadeolhosbenchimol.com.br/wp-content/uploads/2023/02/0715b5_f98c9e80ab2b4e65b8f841266dc647e5_mv2_d_1967_1536_s_2.webp,https://clinicadeolhosbenchimol.com.br/0715b5_f98c9e80ab2b4e65b8f841266dc647e5_mv2_d_1967_1536_s_2/,image/webp,60442,980,523,,no
946,0715b5_e57efed73ede4bf8a81c3cde585897f1_mv2,https://clinicadeolhosbenchimol.com.br/wp-content/uploads/2023/02/0715b5_e57efed73ede4bf8a81c3cde585897f1_mv2.webp,https://clinicadeolhosbenchimol.com.br/0715b5_e57efed73ede4bf8a81c3cde585897f1_mv2/,image/webp,109256,980,523,,no
945,0715b5_ae84b7c498e64ccab3e8cb3bb3987180_mv2_d_3425_2084_s_2,https://clinicadeolhosbenchimol.com.br/wp-content/uploads/2023/02/0715b5_ae84b7c498e64ccab3e8cb3bb3987180_mv2_d_3425_2084_s_2.webp,https://clinicadeolhosbenchimol.com.br/0715b5_ae84b7c498e64ccab3e8cb3bb3987180_mv2_d_3425_2084_s_2/,image/webp,57838,980,523,,no
944,0715b5_394291413b37499c943b042b340d02ad_mv2_d_4025_2712_s_4_2,https://clinicadeolhosbenchimol.com.br/wp-content/uploads/2023/02/0715b5_394291413b37499c943b042b340d02ad_mv2_d_4025_2712_s_4_2.webp,https://clinicadeolhosbenchimol.com.br/0715b5_394291413b37499c943b042b340d02ad_mv2_d_4025_2712_s_4_2/,image/webp,59798,980,523,,no
943,0715b5_6364a6af7e4948919e81c664c92c5fe4_mv2_d_4025_2712_s_4_2,https://clinicadeolhosbenchimol.com.br/wp-content/uploads/2023/02/0715b5_6364a6af7e4948919e81c664c92c5fe4_mv2_d_4025_2712_s_4_2.webp,https://clinicadeolhosbenchimol.com.br/0715b5_6364a6af7e4948919e81c664c92c5fe4_mv2_d_4025_2712_s_4_2/,image/webp,64266,980,523,,no
942,0715b5_5488cb83909643c7938f7b0f452d864b_mv2_d_4032_3024_s_4_2,https://clinicadeolhosbenchimol.com.br/wp-content/uploads/2023/02/0715b5_5488cb83909643c7938f7b0f452d864b_mv2_d_4032_3024_s_4_2.webp,https://clinicadeolhosbenchimol.com.br/0715b5_5488cb83909643c7938f7b0f452d864b_mv2_d_4032_3024_s_4_2/,image/webp,107874,981,521,,no
941,0715b5_876c1c2199af4aebba3bb1382986da47_mv2_d_2318_1536_s_2,https://clinicadeolhosbenchimol.com.br/wp-content/uploads/2023/02/0715b5_876c1c2199af4aebba3bb1382986da47_mv2_d_2318_1536_s_2.webp,https://clinicadeolhosbenchimol.com.br/0715b5_876c1c2199af4aebba3bb1382986da47_mv2_d_2318_1536_s_2/,image/webp,66512,980,523,,no
940,0715b5_82f1fa29747345b0b099edb2f494173c_mv2_d_2278_1536_s_2-1,https://clinicadeolhosbenchimol.com.br/wp-content/uploads/2023/02/0715b5_82f1fa29747345b0b099edb2f494173c_mv2_d_2278_1536_s_2-1.webp,https://clinicadeolhosbenchimol.com.br/0715b5_82f1fa29747345b0b099edb2f494173c_mv2_d_2278_1536_s_2-1/,image/webp,50284,809,546,,no
939,0715b5_8f986c98c1fd4c9aac203ea6f44e9c92_mv2_d_4025_2712_s_4_2,https://clinicadeolhosbenchimol.com.br/wp-content/uploads/2023/02/0715b5_8f986c98c1fd4c9aac203ea6f44e9c92_mv2_d_4025_2712_s_4_2.webp,https://clinicadeolhosbenchimol.com.br/0715b5_8f986c98c1fd4c9aac203ea6f44e9c92_mv2_d_4025_2712_s_4_2/,image/webp,56644,980,523,,no
924,banner,https://clinicadeolhosbenchimol.com.br/wp-content/uploads/2023/02/banner.webp,https://clinicadeolhosbenchimol.com.br/instalacoes/banner/,image/webp,87722,1065,101,,no
733,curriculum-veronica-benchimol,https://clinicadeolhosbenchimol.com.br/wp-content/uploads/2023/02/Curriculum-Veronica-Benchimol.pdf,https://clinicadeolhosbenchimol.com.br/curriculum-veronica-benchimol/,application/pdf,104072,,,,no
720,certificado-asrs,https://clinicadeolhosbenchimol.com.br/wp-content/uploads/2023/02/Certificado-ASRS.pdf,https://clinicadeolhosbenchimol.com.br/certificado-asrs/,application/pdf,405204,,,,no
716,carta_confirmacao_membro_sociedade_europeia_de_retina-2,https://clinicadeolhosbenchimol.com.br/wp-content/uploads/2023/02/Carta_confirmacao_Membro_Sociedade_Europeia_de_Retina-1.pdf,https://clinicadeolhosbenchimol.com.br/carta_confirmacao_membro_sociedade_europeia_de_retina-2/,application/pdf,37878,,,,no
712,carta-da-visita-ao-anne-bates-leach-eye-hospital-bascom-palmer-eye-institute,https://clinicadeolhosbenchimol.com.br/wp-content/uploads/2023/02/Carta-da-Visita-ao-Anne-Bates-Leach-Eye-Hospital-Bascom-Palmer-Eye-Institute.pdf,https://clinicadeolhosbenchimol.com.br/carta-da-visita-ao-anne-bates-leach-eye-hospital-bascom-palmer-eye-institute/,application/pdf,413650,,,,no
708,carta-de-visita-ao-hospital-mimiya-em-puerto-rico,https://clinicadeolhosbenchimol.com.br/wp-content/uploads/2023/02/Carta-de-Visita-ao-Hospital-Mimiya-em-Puerto-Rico.pdf,https://clinicadeolhosbenchimol.com.br/carta-de-visita-ao-hospital-mimiya-em-puerto-rico/,application/pdf,387506,,,,no
704,carta-de-visita-ao-wilmer-institute-of-the-johns-hopkins-university-and-hospital,https://clinicadeolhosbenchimol.com.br/wp-content/uploads/2023/02/Carta-de-Visita-ao-Wilmer-Institute-of-the-Johns-Hopkins-University-and-Hospital.pdf,https://clinicadeolhosbenchimol.com.br/carta-de-visita-ao-wilmer-institute-of-the-johns-hopkins-university-and-hospital/,application/pdf,336112,,,,no
700,carta_do_termino_do_programa_de_residencia_em_oftalmologia,https://clinicadeolhosbenchimol.com.br/wp-content/uploads/2023/02/Carta_do_termino_do_programa_de_residencia_em_oftalmologia.pdf,https://clinicadeolhosbenchimol.com.br/carta_do_termino_do_programa_de_residencia_em_oftalmologia/,application/pdf,531757,,,,no
696,certificado-visita-eye-research-institute-od-retina-foundation-boston-massachusetts-1984,https://clinicadeolhosbenchimol.com.br/wp-content/uploads/2023/02/Certificado-Visita-Eye-Research-Institute-od-Retina-Foundation-Boston-Massachusetts-1984.pdf,https://clinicadeolhosbenchimol.com.br/certificado-visita-eye-research-institute-od-retina-foundation-boston-massachusetts-1984/,application/pdf,428924,,,,no
692,certificado-de-visita-ao-duke-university-medical-center,https://clinicadeolhosbenchimol.com.br/wp-content/uploads/2023/02/Certificado-de-Visita-ao-Duke-University-Medical-Center.pdf,https://clinicadeolhosbenchimol.com.br/certificado-de-visita-ao-duke-university-medical-center/,application/pdf,324142,,,,no
688,carta-convite-para-visita-ao-wilmer-institute-da-john-hopkins-university-and-hospital-em-porto-rico-1984,https://clinicadeolhosbenchimol.com.br/wp-content/uploads/2023/02/Carta-Convite-para-Visita-ao-Wilmer-Institute-da-John-Hopkins-University-and-Hospital-em-Porto-Rico-1984.pdf,https://clinicadeolhosbenchimol.com.br/carta-convite-para-visita-ao-wilmer-institute-da-john-hopkins-university-and-hospital-em-porto-rico-1984/,application/pdf,442854,,,,no
681,carta-convite-para-visita-ao-duke-university-medical-center-em-1984,https://clinicadeolhosbenchimol.com.br/wp-content/uploads/2023/02/Carta-Convite-para-Visita-ao-Duke-University-Medical-Center-em-1984.pdf,https://clinicadeolhosbenchimol.com.br/carta-convite-para-visita-ao-duke-university-medical-center-em-1984/,application/pdf,344907,,,,no
673,carta_confirmacao_membro_sociedade_europeia_de_retina,https://clinicadeolhosbenchimol.com.br/wp-content/uploads/2023/02/Carta_confirmacao_Membro_Sociedade_Europeia_de_Retina.pdf,https://clinicadeolhosbenchimol.com.br/carta_confirmacao_membro_sociedade_europeia_de_retina/,application/pdf,37878,,,,no
666,testimonial-a8e2w8s-jpg,https://clinicadeolhosbenchimol.com.br/wp-content/uploads/2023/02/testimonial-A8E2W8S.jpg,https://clinicadeolhosbenchimol.com.br/testimonial-a8e2w8s-jpg/,image/jpeg,30058,160,160,,no
665,testimonial-83s5w35-jpg,https://clinicadeolhosbenchimol.com.br/wp-content/uploads/2023/02/testimonial-83S5W35.jpg,https://clinicadeolhosbenchimol.com.br/testimonial-83s5w35-jpg/,image/jpeg,17155,160,160,,no
664,testimonial-m6njpef-png,https://clinicadeolhosbenchimol.com.br/wp-content/uploads/2023/02/testimonial-M6NJPEF.png,https://clinicadeolhosbenchimol.com.br/testimonial-m6njpef-png/,image/png,31858,160,160,,no
663,testimonial-q8jdnbt-png,https://clinicadeolhosbenchimol.com.br/wp-content/uploads/2023/02/testimonial-Q8JDNBT.png,https://clinicadeolhosbenchimol.com.br/testimonial-q8jdnbt-png/,image/png,29754,160,160,,no
662,cropped-view-of-optician-writing-diagnosis-in-clinic-jpg,https://clinicadeolhosbenchimol.com.br/wp-content/uploads/2023/02/cropped-view-of-optician-writing-diagnosis-in-clinic.jpg,https://clinicadeolhosbenchimol.com.br/cropped-view-of-optician-writing-diagnosis-in-clinic-jpg/,image/jpeg,144533,2000,1335,,no
652,francine-img_6624a,https://clinicadeolhosbenchimol.com.br/wp-content/uploads/2023/02/Francine-IMG_6624a-e1675859566911.webp,https://clinicadeolhosbenchimol.com.br/francine-img_6624a/,image/webp,11184,204,241,,no
651,paulo-img_6984a,https://clinicadeolhosbenchimol.com.br/wp-content/uploads/2023/02/Paulo-IMG_6984a.webp,https://clinicadeolhosbenchimol.com.br/paulo-img_6984a/,image/webp,10584,314,297,,no
650,dra-dilma_a,https://clinicadeolhosbenchimol.com.br/wp-content/uploads/2023/02/Dra-Dilma_a.webp,https://clinicadeolhosbenchimol.com.br/dra-dilma_a/,image/webp,11516,317,297,,no
649,monica-img_6535a,https://clinicadeolhosbenchimol.com.br/wp-content/uploads/2023/02/Monica-IMG_6535a.webp,https://clinicadeolhosbenchimol.com.br/monica-img_6535a/,image/webp,10706,314,297,,no
648,amelia-img_7070a,https://clinicadeolhosbenchimol.com.br/wp-content/uploads/2023/02/Amelia-IMG_7070a-e1675859621678.webp,https://clinicadeolhosbenchimol.com.br/amelia-img_7070a/,image/webp,8896,214,274,,no
641,eduardo-img_6724a,https://clinicadeolhosbenchimol.com.br/wp-content/uploads/2023/02/Eduardo-IMG_6724a.webp,https://clinicadeolhosbenchimol.com.br/eduardo-img_6724a/,image/webp,10554,314,297,,no
640,amir-img_6934a,https://clinicadeolhosbenchimol.com.br/wp-content/uploads/2023/02/Amir-IMG_6934a.webp,https://clinicadeolhosbenchimol.com.br/amir-img_6934a/,image/webp,9922,314,297,,no
639,luciano-img_6945a,https://clinicadeolhosbenchimol.com.br/wp-content/uploads/2023/02/Luciano-IMG_6945a.webp,https://clinicadeolhosbenchimol.com.br/luciano-img_6945a/,image/webp,11172,314,297,,no
634,dr-gabriel-benchimol,https://clinicadeolhosbenchimol.com.br/wp-content/uploads/2023/02/Dr-Gabriel-Benchimol.webp,https://clinicadeolhosbenchimol.com.br/dr-gabriel-benchimol/,image/webp,5420,314,297,,no
633,dr_-raphael_jpg,https://clinicadeolhosbenchimol.com.br/wp-content/uploads/2023/02/Dr_-Raphael_JPG.webp,https://clinicadeolhosbenchimol.com.br/dr_-raphael_jpg/,image/webp,5680,314,297,,no
632,eliezer-img_7156a,https://clinicadeolhosbenchimol.com.br/wp-content/uploads/2023/02/Eliezer-IMG_7156a.webp,https://clinicadeolhosbenchimol.com.br/eliezer-img_7156a/,image/webp,8966,312,297,,no
630,liana-img_6541a,https://clinicadeolhosbenchimol.com.br/wp-content/uploads/2023/02/Liana-IMG_6541a.webp,https://clinicadeolhosbenchimol.com.br/liana-img_6541a/,image/webp,9554,314,297,,no
629,adriana-img_6606a,https://clinicadeolhosbenchimol.com.br/wp-content/uploads/2023/02/Adriana-IMG_6606a.webp,https://clinicadeolhosbenchimol.com.br/adriana-img_6606a/,image/webp,10616,314,297,,no
628,mirelle-img_6591a,https://clinicadeolhosbenchimol.com.br/wp-content/uploads/2023/02/Mirelle-IMG_6591a.webp,https://clinicadeolhosbenchimol.com.br/mirelle-img_6591a/,image/webp,9900,314,297,,no
620,nina-img_6661a,https://clinicadeolhosbenchimol.com.br/wp-content/uploads/2023/02/Nina-IMG_6661a.webp,https://clinicadeolhosbenchimol.com.br/nina-img_6661a/,image/webp,9858,314,297,,no
619,veronica-img_7027a,https://clinicadeolhosbenchimol.com.br/wp-content/uploads/2023/02/Veronica-IMG_7027a.webp,https://clinicadeolhosbenchimol.com.br/veronica-img_7027a/,image/webp,10980,327,294,,no
618,sergio-img_6561a,https://clinicadeolhosbenchimol.com.br/wp-content/uploads/2023/02/Sergio-IMG_6561a.webp,https://clinicadeolhosbenchimol.com.br/sergio-img_6561a/,image/webp,9956,329,294,,no
611,happy-female-optometrist-standing-in-optics-store-bkuqxkh-jpg,https://clinicadeolhosbenchimol.com.br/wp-content/uploads/2023/02/happy-female-optometrist-standing-in-optics-store-BKUQXKH.jpg,https://clinicadeolhosbenchimol.com.br/happy-female-optometrist-standing-in-optics-store-bkuqxkh-jpg/,image/jpeg,138689,820,1024,,no
610,professional-ophthalmologist-posing-with-slit-lamp-5mgwmx8-jpg,https://clinicadeolhosbenchimol.com.br/wp-content/uploads/2023/02/professional-ophthalmologist-posing-with-slit-lamp-5MGWMX8.jpg,https://clinicadeolhosbenchimol.com.br/professional-ophthalmologist-posing-with-slit-lamp-5mgwmx8-jpg/,image/jpeg,99322,820,1024,,no
609,female-optometrist-standing-in-ophthalmology-clini-nlrnhny-jpg,https://clinicadeolhosbenchimol.com.br/wp-content/uploads/2023/02/female-optometrist-standing-in-ophthalmology-clini-NLRNHNY.jpg,https://clinicadeolhosbenchimol.com.br/female-optometrist-standing-in-ophthalmology-clini-nlrnhny-jpg/,image/jpeg,137914,820,1024,,no
596,0715b5_c7cd9743b8e942b8b223de1ca3b1dcff_mv2,https://clinicadeolhosbenchimol.com.br/wp-content/uploads/2023/02/0715b5_c7cd9743b8e942b8b223de1ca3b1dcff_mv2.webp,https://clinicadeolhosbenchimol.com.br/0715b5_c7cd9743b8e942b8b223de1ca3b1dcff_mv2/,image/webp,35364,584,438,,no
595,0715b5_87fbb43fa7d44a9fac3aade83b4d4c18_mv2,https://clinicadeolhosbenchimol.com.br/wp-content/uploads/2023/02/0715b5_87fbb43fa7d44a9fac3aade83b4d4c18_mv2.webp,https://clinicadeolhosbenchimol.com.br/0715b5_87fbb43fa7d44a9fac3aade83b4d4c18_mv2/,image/webp,16978,329,438,,no
591,0715b5_6774ffc762d4468e9a65e1aaccb5e25d_mv2,https://clinicadeolhosbenchimol.com.br/wp-content/uploads/2023/02/0715b5_6774ffc762d4468e9a65e1aaccb5e25d_mv2.webp,https://clinicadeolhosbenchimol.com.br/0715b5_6774ffc762d4468e9a65e1aaccb5e25d_mv2/,image/webp,24754,364,438,,no
590,0715b5_25581061e63048f5a7dbfc41c6845339_mv2,https://clinicadeolhosbenchimol.com.br/wp-content/uploads/2023/02/0715b5_25581061e63048f5a7dbfc41c6845339_mv2.webp,https://clinicadeolhosbenchimol.com.br/0715b5_25581061e63048f5a7dbfc41c6845339_mv2/,image/webp,19210,480,360,,no
571,0715b5_cec7db94a61d4e3fbc1099a54e3deab3_mv2,https://clinicadeolhosbenchimol.com.br/wp-content/uploads/2023/02/0715b5_cec7db94a61d4e3fbc1099a54e3deab3_mv2.webp,https://clinicadeolhosbenchimol.com.br/0715b5_cec7db94a61d4e3fbc1099a54e3deab3_mv2/,image/webp,30358,557,428,,no
570,0715b5_ab879f4dfc2543c4a4421001c70eec58_mv2,https://clinicadeolhosbenchimol.com.br/wp-content/uploads/2023/02/0715b5_ab879f4dfc2543c4a4421001c70eec58_mv2.webp,https://clinicadeolhosbenchimol.com.br/0715b5_ab879f4dfc2543c4a4421001c70eec58_mv2/,image/webp,47018,480,685,,no
569,0715b5_48fc775e5de545c6a660e9ae5f091549_mv2,https://clinicadeolhosbenchimol.com.br/wp-content/uploads/2023/02/0715b5_48fc775e5de545c6a660e9ae5f091549_mv2.webp,https://clinicadeolhosbenchimol.com.br/0715b5_48fc775e5de545c6a660e9ae5f091549_mv2/,image/webp,15146,495,376,,no
568,0715b5_119e23bf736f4898b7071e432bb32d5f_mv2,https://clinicadeolhosbenchimol.com.br/wp-content/uploads/2023/02/0715b5_119e23bf736f4898b7071e432bb32d5f_mv2.webp,https://clinicadeolhosbenchimol.com.br/0715b5_119e23bf736f4898b7071e432bb32d5f_mv2/,image/webp,27746,545,421,,no
567,0715b5_99d24faece184a13b5417ee6a4e97313_mv2,https://clinicadeolhosbenchimol.com.br/wp-content/uploads/2023/02/0715b5_99d24faece184a13b5417ee6a4e97313_mv2.webp,https://clinicadeolhosbenchimol.com.br/0715b5_99d24faece184a13b5417ee6a4e97313_mv2/,image/webp,25710,564,416,,no
562,whatsapp-image-2018-10-26-at-14_11_55-2_,https://clinicadeolhosbenchimol.com.br/wp-content/uploads/2023/02/WhatsApp-Image-2018-10-26-at-14_11_55-2_.webp,https://clinicadeolhosbenchimol.com.br/whatsapp-image-2018-10-26-at-14_11_55-2_/,image/webp,4950,192,200,,no
561,0715b5_0bf3aee137824de5bf2476d7240959be_mv2,https://clinicadeolhosbenchimol.com.br/wp-content/uploads/2023/02/0715b5_0bf3aee137824de5bf2476d7240959be_mv2.webp,https://clinicadeolhosbenchimol.com.br/0715b5_0bf3aee137824de5bf2476d7240959be_mv2/,image/webp,75884,735,107,,no
557,successful-professional-optometrist-working-with-n-etqqp8h-jpg,https://clinicadeolhosbenchimol.com.br/wp-content/uploads/2023/02/successful-professional-optometrist-working-with-n-ETQQP8H.jpg,https://clinicadeolhosbenchimol.com.br/successful-professional-optometrist-working-with-n-etqqp8h-jpg/,image/jpeg,90101,820,1024,,no
556,cheerful-female-ophthalmologist-v6nk2cd-jpg,https://clinicadeolhosbenchimol.com.br/wp-content/uploads/2023/02/cheerful-female-ophthalmologist-V6NK2CD.jpg,https://clinicadeolhosbenchimol.com.br/cheerful-female-ophthalmologist-v6nk2cd-jpg/,image/jpeg,94058,820,1024,,no
555,male-optometrist-smiling-at-camera-2021-04-06-16-28-38-utc-jpg,https://clinicadeolhosbenchimol.com.br/wp-content/uploads/2023/02/male-optometrist-smiling-at-camera-2021-04-06-16-28-38-utc.jpg,https://clinicadeolhosbenchimol.com.br/male-optometrist-smiling-at-camera-2021-04-06-16-28-38-utc-jpg/,image/jpeg,91672,820,1024,,no
554,personal-png,https://clinicadeolhosbenchimol.com.br/wp-content/uploads/2023/02/personal.png,https://clinicadeolhosbenchimol.com.br/personal-png/,image/png,5163,300,300,,no
533,eye-ywv8mt,https://clinicadeolhosbenchimol.com.br/wp-content/uploads/2023/02/eye-YWV8MT.png,https://clinicadeolhosbenchimol.com.br/eye-ywv8mt/,image/png,4982,320,209,,no
532,glaucoma-2,https://clinicadeolhosbenchimol.com.br/wp-content/uploads/2023/02/glaucoma.png,https://clinicadeolhosbenchimol.com.br/glaucoma-2/,image/png,4721,320,209,,no
531,cornea2,https://clinicadeolhosbenchimol.com.br/wp-content/uploads/2023/02/cornea2.png,https://clinicadeolhosbenchimol.com.br/cornea2/,image/png,5340,320,209,,no
504,copacabana,https://clinicadeolhosbenchimol.com.br/wp-content/uploads/2023/02/copacabana.webp,https://clinicadeolhosbenchimol.com.br/copacabana/,image/webp,100102,291,292,,no
469,multsaude,https://clinicadeolhosbenchimol.com.br/wp-content/uploads/2023/02/Multsaude.webp,https://clinicadeolhosbenchimol.com.br/multsaude/,image/webp,842,77,57,,no
468,fusex-2,https://clinicadeolhosbenchimol.com.br/wp-content/uploads/2023/02/fusex-1.webp,https://clinicadeolhosbenchimol.com.br/fusex-2/,image/webp,1328,49,62,,no
467,med_news_saude,https://clinicadeolhosbenchimol.com.br/wp-content/uploads/2023/02/Med_News_Saude.webp,https://clinicadeolhosbenchimol.com.br/med_news_saude/,image/webp,2120,68,68,,no
466,fio-saude,https://clinicadeolhosbenchimol.com.br/wp-content/uploads/2023/02/fio-saude.webp,https://clinicadeolhosbenchimol.com.br/fio-saude/,image/webp,4232,64,52,,no
461,unimed,https://clinicadeolhosbenchimol.com.br/wp-content/uploads/2023/02/unimed.webp,https://clinicadeolhosbenchimol.com.br/unimed/,image/webp,1118,94,32,,no
460,unafisco-saude,https://clinicadeolhosbenchimol.com.br/wp-content/uploads/2023/02/unafisco-saude.webp,https://clinicadeolhosbenchimol.com.br/unafisco-saude/,image/webp,5344,76,31,,no
459,sulamerica-saude-dental,https://clinicadeolhosbenchimol.com.br/wp-content/uploads/2023/02/SulAmerica-Saude-Dental.webp,https://clinicadeolhosbenchimol.com.br/sulamerica-saude-dental/,image/webp,1670,86,31,,no
458,serpro,https://clinicadeolhosbenchimol.com.br/wp-content/uploads/2023/02/serpro.webp,https://clinicadeolhosbenchimol.com.br/serpro/,image/webp,1082,67,41,,no
457,saude_caixa,https://clinicadeolhosbenchimol.com.br/wp-content/uploads/2023/02/saude_caixa.webp,https://clinicadeolhosbenchimol.com.br/saude_caixa/,image/webp,2976,78,27,,no
456,postal-saude,https://clinicadeolhosbenchimol.com.br/wp-content/uploads/2023/02/postal-saude-.webp,https://clinicadeolhosbenchimol.com.br/postal-saude/,image/webp,3104,104,26,,no
455,porto-seguro-saude,https://clinicadeolhosbenchimol.com.br/wp-content/uploads/2023/02/porto-seguro-saude-.webp,https://clinicadeolhosbenchimol.com.br/porto-seguro-saude/,image/webp,3112,64,34,,no
454,plan-assiste-2,https://clinicadeolhosbenchimol.com.br/wp-content/uploads/2023/02/plan-assiste-1.webp,https://clinicadeolhosbenchimol.com.br/plan-assiste-2/,image/webp,1044,70,49,,no
453,petrobras-2,https://clinicadeolhosbenchimol.com.br/wp-content/uploads/2023/02/Petrobras-1.webp,https://clinicadeolhosbenchimol.com.br/petrobras-2/,image/webp,4356,106,37,,no
452,mutua-dos-magistrados-2,https://clinicadeolhosbenchimol.com.br/wp-content/uploads/2023/02/mutua-dos-magistrados-1.webp,https://clinicadeolhosbenchimol.com.br/mutua-dos-magistrados-2/,image/webp,2042,56,41,,no
451,mediservice-2,https://clinicadeolhosbenchimol.com.br/wp-content/uploads/2023/02/mediservice-1.webp,https://clinicadeolhosbenchimol.com.br/mediservice-2/,image/webp,1236,101,23,,no
450,marinha-2,https://clinicadeolhosbenchimol.com.br/wp-content/uploads/2023/02/Marinha-1.webp,https://clinicadeolhosbenchimol.com.br/marinha-2/,image/webp,1642,70,55,,no
449,ipalerj-2,https://clinicadeolhosbenchimol.com.br/wp-content/uploads/2023/02/ipalerj-1.webp,https://clinicadeolhosbenchimol.com.br/ipalerj-2/,image/webp,3752,104,29,,no
448,golden-cross-2,https://clinicadeolhosbenchimol.com.br/wp-content/uploads/2023/02/golden-cross-1.webp,https://clinicadeolhosbenchimol.com.br/golden-cross-2/,image/webp,1556,56,55,,no
447,geap-2,https://clinicadeolhosbenchimol.com.br/wp-content/uploads/2023/02/GEAP-1.webp,https://clinicadeolhosbenchimol.com.br/geap-2/,image/webp,1386,40,57,,no
446,gama-saude-2,https://clinicadeolhosbenchimol.com.br/wp-content/uploads/2023/02/gama-saude-1.webp,https://clinicadeolhosbenchimol.com.br/gama-saude-2/,image/webp,1332,89,33,,no
445,plan-assiste,https://clinicadeolhosbenchimol.com.br/wp-content/uploads/2023/02/plan-assiste.webp,https://clinicadeolhosbenchimol.com.br/plan-assiste/,image/webp,1044,70,49,,no
444,petrobras,https://clinicadeolhosbenchimol.com.br/wp-content/uploads/2023/02/Petrobras.webp,https://clinicadeolhosbenchimol.com.br/petrobras/,image/webp,4356,106,37,,no
443,mutua-dos-magistrados,https://clinicadeolhosbenchimol.com.br/wp-content/uploads/2023/02/mutua-dos-magistrados.webp,https://clinicadeolhosbenchimol.com.br/mutua-dos-magistrados/,image/webp,2042,56,41,,no
442,mediservice,https://clinicadeolhosbenchimol.com.br/wp-content/uploads/2023/02/mediservice.webp,https://clinicadeolhosbenchimol.com.br/mediservice/,image/webp,1236,101,23,,no
441,marinha,https://clinicadeolhosbenchimol.com.br/wp-content/uploads/2023/02/Marinha.webp,https://clinicadeolhosbenchimol.com.br/marinha/,image/webp,1642,70,55,,no
440,ipalerj,https://clinicadeolhosbenchimol.com.br/wp-content/uploads/2023/02/ipalerj.webp,https://clinicadeolhosbenchimol.com.br/ipalerj/,image/webp,3752,104,29,,no
439,golden-cross,https://clinicadeolhosbenchimol.com.br/wp-content/uploads/2023/02/golden-cross.webp,https://clinicadeolhosbenchimol.com.br/golden-cross/,image/webp,1556,56,55,,no
438,geap,https://clinicadeolhosbenchimol.com.br/wp-content/uploads/2023/02/GEAP.webp,https://clinicadeolhosbenchimol.com.br/geap/,image/webp,1386,40,57,,no
437,gama-saude,https://clinicadeolhosbenchimol.com.br/wp-content/uploads/2023/02/gama-saude.webp,https://clinicadeolhosbenchimol.com.br/gama-saude/,image/webp,1332,89,33,,no
436,fusex,https://clinicadeolhosbenchimol.com.br/wp-content/uploads/2023/02/fusex.webp,https://clinicadeolhosbenchimol.com.br/fusex/,image/webp,1328,49,62,,no
435,fundacao-real-grandeza,https://clinicadeolhosbenchimol.com.br/wp-content/uploads/2023/02/fundacao-real-grandeza.webp,https://clinicadeolhosbenchimol.com.br/fundacao-real-grandeza/,image/webp,1916,124,30,,no
434,fioprev,https://clinicadeolhosbenchimol.com.br/wp-content/uploads/2023/02/fioprev.webp,https://clinicadeolhosbenchimol.com.br/fioprev/,image/webp,1138,56,45,,no
433,emgeprom-pamse,https://clinicadeolhosbenchimol.com.br/wp-content/uploads/2023/02/Emgeprom-Pamse.webp,https://clinicadeolhosbenchimol.com.br/emgeprom-pamse/,image/webp,1612,71,48,,no
432,eletros,https://clinicadeolhosbenchimol.com.br/wp-content/uploads/2023/02/eletros-.webp,https://clinicadeolhosbenchimol.com.br/eletros/,image/webp,2208,121,26,,no
431,eletrobras,https://clinicadeolhosbenchimol.com.br/wp-content/uploads/2023/02/eletrobras.webp,https://clinicadeolhosbenchimol.com.br/eletrobras/,image/webp,2704,74,49,,no
430,cnen-saude,https://clinicadeolhosbenchimol.com.br/wp-content/uploads/2023/02/cnen-saude.webp,https://clinicadeolhosbenchimol.com.br/cnen-saude/,image/webp,5378,55,57,,no
429,cepel,https://clinicadeolhosbenchimol.com.br/wp-content/uploads/2023/02/CEPEL-.webp,https://clinicadeolhosbenchimol.com.br/cepel/,image/webp,1144,75,34,,no
428,bndes-fapes,https://clinicadeolhosbenchimol.com.br/wp-content/uploads/2023/02/BNDES-Fapes.webp,https://clinicadeolhosbenchimol.com.br/bndes-fapes/,image/webp,1342,68,41,,no
427,caurj,https://clinicadeolhosbenchimol.com.br/wp-content/uploads/2023/02/CAURJ.webp,https://clinicadeolhosbenchimol.com.br/caurj/,image/webp,3872,61,55,,no
426,care-plus,https://clinicadeolhosbenchimol.com.br/wp-content/uploads/2023/02/care-plus.webp,https://clinicadeolhosbenchimol.com.br/care-plus/,image/webp,2534,72,38,,no
425,capesaude,https://clinicadeolhosbenchimol.com.br/wp-content/uploads/2023/02/capesaude.webp,https://clinicadeolhosbenchimol.com.br/capesaude/,image/webp,1330,68,46,,no
424,camperj,https://clinicadeolhosbenchimol.com.br/wp-content/uploads/2023/02/camperj.webp,https://clinicadeolhosbenchimol.com.br/camperj/,image/webp,1478,91,37,,no
423,camarj,https://clinicadeolhosbenchimol.com.br/wp-content/uploads/2023/02/CAMARJ.webp,https://clinicadeolhosbenchimol.com.br/camarj/,image/webp,1598,58,58,,no
422,cac-cedae,https://clinicadeolhosbenchimol.com.br/wp-content/uploads/2023/02/CAC-CEDAE.webp,https://clinicadeolhosbenchimol.com.br/cac-cedae/,image/webp,4176,74,38,,no
421,caberj,https://clinicadeolhosbenchimol.com.br/wp-content/uploads/2023/02/Caberj.webp,https://clinicadeolhosbenchimol.com.br/caberj/,image/webp,1820,62,51,,no
420,bradesco_saude,https://clinicadeolhosbenchimol.com.br/wp-content/uploads/2023/02/bradesco_saude.webp,https://clinicadeolhosbenchimol.com.br/bradesco_saude/,image/webp,2352,88,31,,no
419,banco-do-brasil-cassi,https://clinicadeolhosbenchimol.com.br/wp-content/uploads/2023/02/Banco-do-Brasil-Cassi-.webp,https://clinicadeolhosbenchimol.com.br/banco-do-brasil-cassi/,image/webp,1496,79,53,,no
414,bacen,https://clinicadeolhosbenchimol.com.br/wp-content/uploads/2023/02/bacen.webp,https://clinicadeolhosbenchimol.com.br/bacen/,image/webp,3450,75,52,,no
413,assist-card1,https://clinicadeolhosbenchimol.com.br/wp-content/uploads/2023/02/Assist-Card1.webp,https://clinicadeolhosbenchimol.com.br/assist-card1/,image/webp,1214,69,38,,no
412,assim_saude,https://clinicadeolhosbenchimol.com.br/wp-content/uploads/2023/02/ASSIM_Saude.webp,https://clinicadeolhosbenchimol.com.br/assim_saude/,image/webp,1296,74,33,,no
411,assefaz,https://clinicadeolhosbenchimol.com.br/wp-content/uploads/2023/02/Assefaz.webp,https://clinicadeolhosbenchimol.com.br/assefaz/,image/webp,1860,67,68,,no
410,ambep,https://clinicadeolhosbenchimol.com.br/wp-content/uploads/2023/02/ambep.webp,https://clinicadeolhosbenchimol.com.br/ambep/,image/webp,1134,87,32,,no
409,amafrerj,https://clinicadeolhosbenchimol.com.br/wp-content/uploads/2023/02/AMAFRERJ.webp,https://clinicadeolhosbenchimol.com.br/amafrerj/,image/webp,1648,84,45,,no
408,agf-allianz,https://clinicadeolhosbenchimol.com.br/wp-content/uploads/2023/02/AGF-Allianz.webp,https://clinicadeolhosbenchimol.com.br/agf-allianz/,image/webp,1900,82,60,,no
406,aeronautica,https://clinicadeolhosbenchimol.com.br/wp-content/uploads/2023/02/aeronautica.webp,https://clinicadeolhosbenchimol.com.br/aeronautica/,image/webp,4012,93,41,,no
366,oculist-examining-patient-vision-with-slit-lamp-in-clinic-jpg,https://clinicadeolhosbenchimol.com.br/wp-content/uploads/2023/02/oculist-examining-patient-vision-with-slit-lamp-in-clinic.jpg,https://clinicadeolhosbenchimol.com.br/oculist-examining-patient-vision-with-slit-lamp-in-clinic-jpg/,image/jpeg,244522,2000,1335,,no
362,blogdoencasrarasoculares,https://clinicadeolhosbenchimol.com.br/wp-content/uploads/2021/03/blogdoencasrarasoculares.webp,https://clinicadeolhosbenchimol.com.br/alerta-para-as-doencas-raras-oculares/blogdoencasrarasoculares/,image/webp,48514,409,307,,no
359,blogsaudeoculardamulhar,https://clinicadeolhosbenchimol.com.br/wp-content/uploads/2021/03/blogsaudeoculardamulhar.webp,https://clinicadeolhosbenchimol.com.br/a-saude-ocular-da-mulher/blogsaudeoculardamulhar/,image/webp,86722,409,307,,no
356,0715b5_050aa9c4df984058b34789ce124ab3ad_mv2,https://clinicadeolhosbenchimol.com.br/wp-content/uploads/2021/04/0715b5_050aa9c4df984058b34789ce124ab3ad_mv2.webp,https://clinicadeolhosbenchimol.com.br/cirurgia-refrativa/0715b5_050aa9c4df984058b34789ce124ab3ad_mv2/,image/webp,133166,409,307,,no
354,blogdiabetico,https://clinicadeolhosbenchimol.com.br/wp-content/uploads/2021/05/blogdiabetico.jpg,https://clinicadeolhosbenchimol.com.br/tudo-que-o-diabetico-precisa-saber-para-evitar-a-cegueira-pela-retinopatia/blogdiabetico/,image/jpeg,22789,409,307,,no
352,blognbmh,https://clinicadeolhosbenchimol.com.br/wp-content/uploads/2021/06/Blognbmh.jpg,https://clinicadeolhosbenchimol.com.br/degeneracao-macular-relacionada-a-idade-o-que-e-e-como-prevenir/blognbmh/,image/jpeg,35564,409,307,,no
350,blogcornasintetica,https://clinicadeolhosbenchimol.com.br/wp-content/uploads/2021/07/Blogcornasintetica.jpg,https://clinicadeolhosbenchimol.com.br/cornea-sintetica-uma-esperanca-para-quem-aguarda-ha-anos-a-doacao-da-versao-humana/blogcornasintetica/,image/jpeg,23008,409,307,,no
342,blogtromboseocular,https://clinicadeolhosbenchimol.com.br/wp-content/uploads/2021/08/blogTromboseOcular.jpg,https://clinicadeolhosbenchimol.com.br/trombose-ocular-o-que-e-e-por-que-ficar-atento/blogtromboseocular/,image/jpeg,56970,409,307,,no
340,blogalimentos,https://clinicadeolhosbenchimol.com.br/wp-content/uploads/2021/11/blogalimentos.jpg,https://clinicadeolhosbenchimol.com.br/alimentos-que-fazem-bem-para-os-olhos/blogalimentos/,image/jpeg,174819,1000,562,,no
338,bloglentesdecontatp,https://clinicadeolhosbenchimol.com.br/wp-content/uploads/2021/12/Bloglentesdecontatp.jpg,https://clinicadeolhosbenchimol.com.br/lentes-de-contato-coloridas-o-que-pode-o-que-nao-pode/bloglentesdecontatp/,image/jpeg,246885,1000,665,,no
310,side-view-of-ophthalmologist-in-eyeglasses-giving-contact-lens-to-patient-in-clinic-jpg,https://clinicadeolhosbenchimol.com.br/wp-content/uploads/2023/02/side-view-of-ophthalmologist-in-eyeglasses-giving-contact-lens-to-patient-in-clinic.jpg,https://clinicadeolhosbenchimol.com.br/side-view-of-ophthalmologist-in-eyeglasses-giving-contact-lens-to-patient-in-clinic-jpg/,image/jpeg,217314,2000,1335,,no
304,blog-retinoblastoma,https://clinicadeolhosbenchimol.com.br/wp-content/uploads/2022/02/blog-retinoblastoma.jpg,https://clinicadeolhosbenchimol.com.br/cancer-no-olho-de-criancas-pequenas-retinoblastoma/blog-retinoblastoma/,image/jpeg,195223,1000,666,,no
302,blogverao,https://clinicadeolhosbenchimol.com.br/wp-content/uploads/2022/02/blogverao.jpg,https://clinicadeolhosbenchimol.com.br/cuidados-com-os-olhos-no-verao/blogverao/,image/jpeg,125434,1000,666,,no
299,bloghipermetropia,https://clinicadeolhosbenchimol.com.br/wp-content/uploads/2022/03/bloghipermetropia.jpg,https://clinicadeolhosbenchimol.com.br/hipermetropia/bloghipermetropia/,image/jpeg,80279,1000,666,,no
297,blogoutono,https://clinicadeolhosbenchimol.com.br/wp-content/uploads/2022/05/blogoutono.jpg,https://clinicadeolhosbenchimol.com.br/cuidados-com-os-olhos-no-outono/blogoutono/,image/jpeg,256272,1000,714,,no
295,blogsono,https://clinicadeolhosbenchimol.com.br/wp-content/uploads/2022/05/blogsono.jpg,https://clinicadeolhosbenchimol.com.br/qualidade-de-sono-e-saude-ocular/blogsono/,image/jpeg,76408,1000,666,,no
293,olhosvermelhos,https://clinicadeolhosbenchimol.com.br/wp-content/uploads/2022/06/olhosvermelhos.jpg,https://clinicadeolhosbenchimol.com.br/olhos-vermelhos-o-que-pode-ser/olhosvermelhos/,image/jpeg,167268,1000,666,,no
291,oculosexculos,https://clinicadeolhosbenchimol.com.br/wp-content/uploads/2022/07/oculosexculos.jpg,https://clinicadeolhosbenchimol.com.br/oculos-escuros-como-escolher-os-seus-e-outras-duvidas-frequentes/oculosexculos/,image/jpeg,111634,1000,666,,no
289,nlogcatarata001,https://clinicadeolhosbenchimol.com.br/wp-content/uploads/2022/09/nlogcatarata001.png,https://clinicadeolhosbenchimol.com.br/catarata-quais-os-sintomas-e-a-hora-de-procurar-o-medico/nlogcatarata001/,image/png,1562665,1000,727,,no
286,glog003,https://clinicadeolhosbenchimol.com.br/wp-content/uploads/2022/10/glog003.png,https://clinicadeolhosbenchimol.com.br/mais-um-motivo-para-combater-a-obesidade-a-sua-saude-ocular/glog003/,image/png,798608,1000,727,,no
281,botoxblog,https://clinicadeolhosbenchimol.com.br/wp-content/uploads/2022/12/botoxblog.jpg,https://clinicadeolhosbenchimol.com.br/botox-contra-estrabismo-e-outros-problemas-oculares/botoxblog/,image/jpeg,228667,1490,994,,no
247,blog001,https://clinicadeolhosbenchimol.com.br/wp-content/uploads/2022/12/blog001.webp,https://clinicadeolhosbenchimol.com.br/cirurgia-refrativa-quais-as-indicacoes-como-e-feita-e-quais-os-cuidados-no-pos-operatorio/blog001/,image/webp,88000,1490,994,,no
221,selos,https://clinicadeolhosbenchimol.com.br/wp-content/uploads/2023/02/selos.jpg,https://clinicadeolhosbenchimol.com.br/selos/,image/jpeg,28115,225,106,,no
168,0001,https://clinicadeolhosbenchimol.com.br/wp-content/uploads/2023/01/0001.jpg,https://clinicadeolhosbenchimol.com.br/0001/,image/jpeg,237980,1343,589,,no
158,refrativa,https://clinicadeolhosbenchimol.com.br/wp-content/uploads/2023/01/refrativa.jpg,https://clinicadeolhosbenchimol.com.br/refrativa/,image/jpeg,117875,1343,589,,no
154,oljo-seco,https://clinicadeolhosbenchimol.com.br/wp-content/uploads/2023/01/oljo-seco.jpg,https://clinicadeolhosbenchimol.com.br/oljo-seco/,image/jpeg,271878,1343,589,,no
146,glaucoma,https://clinicadeolhosbenchimol.com.br/wp-content/uploads/2023/01/glaucoma.jpg,https://clinicadeolhosbenchimol.com.br/glaucoma/,image/jpeg,137039,1343,589,,no
139,retina,https://clinicadeolhosbenchimol.com.br/wp-content/uploads/2023/01/retina.jpg,https://clinicadeolhosbenchimol.com.br/retina/,image/jpeg,184866,1343,589,,no
135,catarata,https://clinicadeolhosbenchimol.com.br/wp-content/uploads/2023/01/catarata.jpg,https://clinicadeolhosbenchimol.com.br/catarata/,image/jpeg,260983,1343,589,,no
96,handsome-doctor-showing-something-in-clipboard-to-smiling-patient-in-clinic-jpg,https://clinicadeolhosbenchimol.com.br/wp-content/uploads/2023/01/handsome-doctor-showing-something-in-clipboard-to-smiling-patient-in-clinic.jpg,https://clinicadeolhosbenchimol.com.br/handsome-doctor-showing-something-in-clipboard-to-smiling-patient-in-clinic-jpg/,image/jpeg,303979,2000,1335,,no
95,heartcare-png,https://clinicadeolhosbenchimol.com.br/wp-content/uploads/2023/01/heartcare.png,https://clinicadeolhosbenchimol.com.br/heartcare-png/,image/png,6659,528,180,,no
94,lifecare-png,https://clinicadeolhosbenchimol.com.br/wp-content/uploads/2023/01/lifecare.png,https://clinicadeolhosbenchimol.com.br/lifecare-png/,image/png,11066,528,180,,no
93,tree-png,https://clinicadeolhosbenchimol.com.br/wp-content/uploads/2023/01/tree.png,https://clinicadeolhosbenchimol.com.br/tree-png/,image/png,11702,528,180,,no
91,young-brunette-female-ophthalmologist-testing-eyesight-of-senior-male-patient-jpg,https://clinicadeolhosbenchimol.com.br/wp-content/uploads/2023/01/young-brunette-female-ophthalmologist-testing-eyesight-of-senior-male-patient.jpg,https://clinicadeolhosbenchimol.com.br/young-brunette-female-ophthalmologist-testing-eyesight-of-senior-male-patient-jpg/,image/jpeg,276503,2000,1333,,no
90,young-ophthalmologist-is-with-little-female-visitor-in-the-clinic-jpg,https://clinicadeolhosbenchimol.com.br/wp-content/uploads/2023/01/young-ophthalmologist-is-with-little-female-visitor-in-the-clinic.jpg,https://clinicadeolhosbenchimol.com.br/young-ophthalmologist-is-with-little-female-visitor-in-the-clinic-jpg/,image/jpeg,215069,2000,1335,,no
89,dry-png,https://clinicadeolhosbenchimol.com.br/wp-content/uploads/2023/01/dry.png,https://clinicadeolhosbenchimol.com.br/dry-png/,image/png,4981,320,209,,no
88,young-woman-visiting-opthalmologist-jpg,https://clinicadeolhosbenchimol.com.br/wp-content/uploads/2023/01/young-woman-visiting-opthalmologist.jpg,https://clinicadeolhosbenchimol.com.br/young-woman-visiting-opthalmologist-jpg/,image/jpeg,212720,2000,1333,,no
87,glaucoma-png,https://clinicadeolhosbenchimol.com.br/wp-content/uploads/2023/01/glaucoma.png,https://clinicadeolhosbenchimol.com.br/glaucoma-png/,image/png,6314,320,209,,no
86,patient-during-an-eye-examination-at-the-eye-clinic-jpg,https://clinicadeolhosbenchimol.com.br/wp-content/uploads/2023/01/patient-during-an-eye-examination-at-the-eye-clinic.jpg,https://clinicadeolhosbenchimol.com.br/patient-during-an-eye-examination-at-the-eye-clinic-jpg/,image/jpeg,319465,2000,1333,,no
85,cornea-png,https://clinicadeolhosbenchimol.com.br/wp-content/uploads/2023/01/cornea.png,https://clinicadeolhosbenchimol.com.br/cornea-png/,image/png,8190,320,209,,no
84,eyesight-test-optician-cabinet-vision-diagnostic-jpg,https://clinicadeolhosbenchimol.com.br/wp-content/uploads/2023/01/eyesight-test-optician-cabinet-vision-diagnostic.jpg,https://clinicadeolhosbenchimol.com.br/eyesight-test-optician-cabinet-vision-diagnostic-jpg/,image/jpeg,223933,2000,1335,,no
83,vision-png,https://clinicadeolhosbenchimol.com.br/wp-content/uploads/2023/01/vision.png,https://clinicadeolhosbenchimol.com.br/vision-png/,image/png,2854,320,210,,no
82,retina-png,https://clinicadeolhosbenchimol.com.br/wp-content/uploads/2023/01/retina.png,https://clinicadeolhosbenchimol.com.br/retina-png/,image/png,5263,320,209,,no
81,ophthalmologist-examining-middle-aged-man-eyes-with-trial-frame-and-lenses-jpg,https://clinicadeolhosbenchimol.com.br/wp-content/uploads/2023/01/ophthalmologist-examining-middle-aged-man-eyes-with-trial-frame-and-lenses.jpg,https://clinicadeolhosbenchimol.com.br/ophthalmologist-examining-middle-aged-man-eyes-with-trial-frame-and-lenses-jpg/,image/jpeg,296022,2000,1335,,no
80,eye-ywv8mt-png,https://clinicadeolhosbenchimol.com.br/wp-content/uploads/2023/01/eye-YWV8MT.png,https://clinicadeolhosbenchimol.com.br/eye-ywv8mt-png/,image/png,7338,320,209,,no
79,asset-fixn-png,https://clinicadeolhosbenchimol.com.br/wp-content/uploads/2023/01/asset-fixn.png,https://clinicadeolhosbenchimol.com.br/asset-fixn-png/,image/png,305622,1024,1024,,no
78,professional-oculist-examining-man-with-visual-field-test-jpg,https://clinicadeolhosbenchimol.com.br/wp-content/uploads/2023/01/professional-oculist-examining-man-with-visual-field-test.jpg,https://clinicadeolhosbenchimol.com.br/professional-oculist-examining-man-with-visual-field-test-jpg/,image/jpeg,309150,2000,1335,,no
77,diopter-selection-glasses-choice-eyesight-test-jpg,https://clinicadeolhosbenchimol.com.br/wp-content/uploads/2023/01/diopter-selection-glasses-choice-eyesight-test.jpg,https://clinicadeolhosbenchimol.com.br/diopter-selection-glasses-choice-eyesight-test-jpg/,image/jpeg,260807,2000,1335,,no
76,optometrist-looking-at-eye-chart-jpg,https://clinicadeolhosbenchimol.com.br/wp-content/uploads/2023/01/optometrist-looking-at-eye-chart.jpg,https://clinicadeolhosbenchimol.com.br/optometrist-looking-at-eye-chart-jpg/,image/jpeg,175602,2000,1333,,no
75,selective-focus-of-young-woman-getting-eye-test-by-oculist-in-clinic-jpg,https://clinicadeolhosbenchimol.com.br/wp-content/uploads/2023/01/selective-focus-of-young-woman-getting-eye-test-by-oculist-in-clinic.jpg,https://clinicadeolhosbenchimol.com.br/selective-focus-of-young-woman-getting-eye-test-by-oculist-in-clinic-jpg/,image/jpeg,185663,2000,1335,,no
74,view-from-side-of-oculist-checking-sight-of-girl-in-clinic-jpg,https://clinicadeolhosbenchimol.com.br/wp-content/uploads/2023/01/view-from-side-of-oculist-checking-sight-of-girl-in-clinic.jpg,https://clinicadeolhosbenchimol.com.br/view-from-side-of-oculist-checking-sight-of-girl-in-clinic-jpg/,image/jpeg,312465,2000,1334,,no
73,selective-focus-of-ophthalmologist-examining-kid-eyes-with-trial-frame-in-clinic-jpg,https://clinicadeolhosbenchimol.com.br/wp-content/uploads/2023/01/selective-focus-of-ophthalmologist-examining-kid-eyes-with-trial-frame-in-clinic.jpg,https://clinicadeolhosbenchimol.com.br/selective-focus-of-ophthalmologist-examining-kid-eyes-with-trial-frame-in-clinic-jpg/,image/jpeg,208294,2000,1335,,no
72,female-ophthalmologist-examining-kid-eyes-with-trial-frame-and-lenses-jpg,https://clinicadeolhosbenchimol.com.br/wp-content/uploads/2023/01/female-ophthalmologist-examining-kid-eyes-with-trial-frame-and-lenses.jpg,https://clinicadeolhosbenchimol.com.br/female-ophthalmologist-examining-kid-eyes-with-trial-frame-and-lenses-jpg/,image/jpeg,304947,2000,1335,,no
71,female-oculist-examining-kid-eyes-with-trial-frame-and-lenses-jpg,https://clinicadeolhosbenchimol.com.br/wp-content/uploads/2023/01/female-oculist-examining-kid-eyes-with-trial-frame-and-lenses.jpg,https://clinicadeolhosbenchimol.com.br/female-oculist-examining-kid-eyes-with-trial-frame-and-lenses-jpg/,image/jpeg,256959,2000,1335,,no
70,young-woman-checking-on-eye-in-clinic-jpg,https://clinicadeolhosbenchimol.com.br/wp-content/uploads/2023/01/young-woman-checking-on-eye-in-clinic.jpg,https://clinicadeolhosbenchimol.com.br/young-woman-checking-on-eye-in-clinic-jpg/,image/jpeg,183245,2000,1055,,no
69,basket-full-of-vegetables-jpg,https://clinicadeolhosbenchimol.com.br/wp-content/uploads/2023/01/basket-full-of-vegetables.jpg,https://clinicadeolhosbenchimol.com.br/basket-full-of-vegetables-jpg/,image/jpeg,325143,2000,1333,,no
68,growing-lettuce-jpg,https://clinicadeolhosbenchimol.com.br/wp-content/uploads/2023/01/growing-lettuce.jpg,https://clinicadeolhosbenchimol.com.br/growing-lettuce-jpg/,image/jpeg,487883,2000,1333,,no
67,asian-woman-farmer-holding-a-basket-of-vegetables-in-hydroponic-farm-jpg,https://clinicadeolhosbenchimol.com.br/wp-content/uploads/2023/01/asian-woman-farmer-holding-a-basket-of-vegetables-in-hydroponic-farm-.jpg,https://clinicadeolhosbenchimol.com.br/asian-woman-farmer-holding-a-basket-of-vegetables-in-hydroponic-farm-jpg/,image/jpeg,507802,2000,1333,,no
66,farmer-jpg,https://clinicadeolhosbenchimol.com.br/wp-content/uploads/2023/01/farmer.jpg,https://clinicadeolhosbenchimol.com.br/farmer-jpg/,image/jpeg,770997,2000,1333,,no
59,placeholder-png,https://clinicadeolhosbenchimol.com.br/wp-content/uploads/2023/01/placeholder.png,https://clinicadeolhosbenchimol.com.br/placeholder-png/,image/png,6146,1200,800,,no
58,logo-footer-png,https://clinicadeolhosbenchimol.com.br/wp-content/uploads/2023/01/logo-footer.png,https://clinicadeolhosbenchimol.com.br/logo-footer-png/,image/png,12258,841,205,,no
50,logo-n5xywg-png,https://clinicadeolhosbenchimol.com.br/wp-content/uploads/2023/01/logo-N5XYWG.png,https://clinicadeolhosbenchimol.com.br/logo-n5xywg-png/,image/png,13891,840,205,,no
