source_url,final_url,final_status,title,canonical,description,robots,og_image,forms_count,h1
https://clinicadeolhosbenchimol.com.br/,https://clinicadeolhosbenchimol.com.br/,200,Home - Clínica de Olhos Benchimol,https://clinicadeolhosbenchimol.com.br/,,"index, follow, max-image-preview:large, max-snippet:-1, max-video-preview:-1",https://clinicadeolhosbenchimol.com.br/wp-content/uploads/2025/08/Group-1597884384-copiar-2.webp,0,Home
https://clinicadeolhosbenchimol.com.br/14-de-novembro-dia-mundial-do-diabetes/,https://clinicadeolhosbenchimol.com.br/14-de-novembro-dia-mundial-do-diabetes/,200,14 de Novembro - Dia Mundial do Diabetes - Clínica de Olhos Benchimol,https://clinicadeolhosbenchimol.com.br/14-de-novembro-dia-mundial-do-diabetes/,,"index, follow, max-image-preview:large, max-snippet:-1, max-video-preview:-1",https://clinicadeolhosbenchimol.com.br/wp-content/uploads/2019/11/blog03-novembro-2019.webp,1,14 de Novembro – Dia Mundial do Diabetes
https://clinicadeolhosbenchimol.com.br/4-curiosidades-sobre-a-visao/,https://clinicadeolhosbenchimol.com.br/4-curiosidades-sobre-a-visao/,200,4 Curiosidades Sobre a Visão - Clínica de Olhos Benchimol,https://clinicadeolhosbenchimol.com.br/4-curiosidades-sobre-a-visao/,,"index, follow, max-image-preview:large, max-snippet:-1, max-video-preview:-1",https://clinicadeolhosbenchimol.com.br/wp-content/uploads/2021/01/blog-janeiro-2021-05.webp,1,4 Curiosidades Sobre a Visão
https://clinicadeolhosbenchimol.com.br/5-sinais-de-que-sua-visao-precisa-de-atencao-imediata/,https://clinicadeolhosbenchimol.com.br/5-sinais-de-que-sua-visao-precisa-de-atencao-imediata/,200,5 Sinais de que sua visão precisa de atenção imediata - Clínica de Olhos Benchimol,https://clinicadeolhosbenchimol.com.br/5-sinais-de-que-sua-visao-precisa-de-atencao-imediata/,Visão em risco? A Clínica de Olhos Benchimol alerta: veja 5 sinais que exigem atenção imediata para preservar sua saúde ocular.,"index, follow, max-image-preview:large, max-snippet:-1, max-video-preview:-1",https://clinicadeolhosbenchimol.com.br/wp-content/uploads/2025/08/unnamed-6.jpg,1,5 Sinais de que sua visão precisa de atenção imediata
https://clinicadeolhosbenchimol.com.br/8-dicas-para-proteger-a-saude-da-sua-visao/,https://clinicadeolhosbenchimol.com.br/8-dicas-para-proteger-a-saude-da-sua-visao/,200,8 Dicas para Proteger a Saúde da sua Visão - Clínica de Olhos Benchimol,https://clinicadeolhosbenchimol.com.br/8-dicas-para-proteger-a-saude-da-sua-visao/,,"index, follow, max-image-preview:large, max-snippet:-1, max-video-preview:-1",https://clinicadeolhosbenchimol.com.br/wp-content/uploads/2024/03/blog-fevereiro-2021-04.webp,1,8 Dicas para Proteger a Saúde da sua Visão
https://clinicadeolhosbenchimol.com.br/a-importancia-de-se-consultar-com-um-oftalmologista/,https://clinicadeolhosbenchimol.com.br/a-importancia-de-se-consultar-com-um-oftalmologista/,200,A importância de se consultar com um oftalmologista - Clínica de Olhos Benchimol,https://clinicadeolhosbenchimol.com.br/a-importancia-de-se-consultar-com-um-oftalmologista/,,"index, follow, max-image-preview:large, max-snippet:-1, max-video-preview:-1",https://clinicadeolhosbenchimol.com.br/wp-content/uploads/2020/01/blog-janeiro-2020.webp,1,A importância de se consultar com um oftalmologista
https://clinicadeolhosbenchimol.com.br/a-importancia-do-oct-para-pacientes-com-catarata/,https://clinicadeolhosbenchimol.com.br/a-importancia-do-oct-para-pacientes-com-catarata/,200,A importância do OCT para pacientes com catarata - Clínica de Olhos Benchimol,https://clinicadeolhosbenchimol.com.br/a-importancia-do-oct-para-pacientes-com-catarata/,A catarata é uma das principais causas de perda de visão. Saiba como o OCT auxilia na avaliação pré-operatória e na preservação da mácula.,"index, follow, max-image-preview:large, max-snippet:-1, max-video-preview:-1",https://clinicadeolhosbenchimol.com.br/wp-content/uploads/2025/09/unnamed-16.jpg,1,A importância do OCT para pacientes com catarata
https://clinicadeolhosbenchimol.com.br/a-importancia-dos-exames-oculares/,https://clinicadeolhosbenchimol.com.br/a-importancia-dos-exames-oculares/,200,A importância dos exames oculares - Clínica de Olhos Benchimol,https://clinicadeolhosbenchimol.com.br/a-importancia-dos-exames-oculares/,,"index, follow, max-image-preview:large, max-snippet:-1, max-video-preview:-1",https://clinicadeolhosbenchimol.com.br/wp-content/uploads/2020/10/blog-outubro-2020-03.webp,1,A importância dos exames oculares
https://clinicadeolhosbenchimol.com.br/a-importancia-dos-exames-oftalmologicos-de-rotina-apos-os-50-anos/,https://clinicadeolhosbenchimol.com.br/a-importancia-dos-exames-oftalmologicos-de-rotina-apos-os-50-anos/,200,Por que exames oftalmológicos são vitais após os 50 anos,https://clinicadeolhosbenchimol.com.br/a-importancia-dos-exames-oftalmologicos-de-rotina-apos-os-50-anos/,"Aos 50 anos, exames oftalmológicos são essenciais: detectam precocemente doenças e promovem a autonomia. Agende sua consulta!","index, follow, max-image-preview:large, max-snippet:-1, max-video-preview:-1",https://clinicadeolhosbenchimol.com.br/wp-content/uploads/2025/10/unnamed-8.jpg,1,A importância dos exames oftalmológicos de rotina após os 50 anos
https://clinicadeolhosbenchimol.com.br/a-importancia-dos-exames-oftalmologicos-regulares/,https://clinicadeolhosbenchimol.com.br/a-importancia-dos-exames-oftalmologicos-regulares/,200,A importância dos exames oftalmológicos regulares - Clínica de Olhos Benchimol,https://clinicadeolhosbenchimol.com.br/a-importancia-dos-exames-oftalmologicos-regulares/,Descubra por que os exames oftalmológicos regulares são essenciais para prevenir doenças silenciosas e promover a sua qualidade de vida.,"index, follow, max-image-preview:large, max-snippet:-1, max-video-preview:-1",https://clinicadeolhosbenchimol.com.br/wp-content/uploads/2025/07/Exames-oftalmologicos-regulares.png,1,A importância dos exames oftalmológicos regulares
https://clinicadeolhosbenchimol.com.br/a-saude-ocular-da-mulher/,https://clinicadeolhosbenchimol.com.br/a-saude-ocular-da-mulher/,200,A Saúde Ocular da Mulher - Clínica de Olhos Benchimol,https://clinicadeolhosbenchimol.com.br/a-saude-ocular-da-mulher/,,"index, follow, max-image-preview:large, max-snippet:-1, max-video-preview:-1",https://clinicadeolhosbenchimol.com.br/wp-content/uploads/2021/03/blogsaudeoculardamulhar.webp,1,A Saúde Ocular da Mulher
https://clinicadeolhosbenchimol.com.br/a-tela-de-amsler-e-a-deteccao-precoce-da-degeneracao-macular-relacionada-a-idade/,https://clinicadeolhosbenchimol.com.br/a-tela-de-amsler-e-a-deteccao-precoce-da-degeneracao-macular-relacionada-a-idade/,200,A Tela de Amsler e a detecção precoce da degeneração macular relacionada à idade - Clínica de Olhos Benchimol,https://clinicadeolhosbenchimol.com.br/a-tela-de-amsler-e-a-deteccao-precoce-da-degeneracao-macular-relacionada-a-idade/,,"index, follow, max-image-preview:large, max-snippet:-1, max-video-preview:-1",https://clinicadeolhosbenchimol.com.br/wp-content/uploads/2024/03/blog02-agosto-2019.webp,1,A Tela de Amsler e a detecção precoce da degeneração macular relacionada à idade
https://clinicadeolhosbenchimol.com.br/abril-marrom-a-importancia-de-cuidar-da-visao/,https://clinicadeolhosbenchimol.com.br/abril-marrom-a-importancia-de-cuidar-da-visao/,200,Abril Marrom: a importância de cuidar da visão - Clínica de Olhos Benchimol,https://clinicadeolhosbenchimol.com.br/abril-marrom-a-importancia-de-cuidar-da-visao/,Tudo sobre a campanha Abril Marrom e a importância de cuidar da visão através de prevenção e um diagnóstico precoce.,"index, follow, max-image-preview:large, max-snippet:-1, max-video-preview:-1",https://clinicadeolhosbenchimol.com.br/wp-content/uploads/2025/04/Abril-marrom.jpg,1,Abril Marrom: a importância de cuidar da visão
https://clinicadeolhosbenchimol.com.br/alerta-de-cuidado-para-maquiagens-nos-olhos-no-halloween/,https://clinicadeolhosbenchimol.com.br/alerta-de-cuidado-para-maquiagens-nos-olhos-no-halloween/,200,Alerta de cuidado para maquiagens nos olhos no Halloween - Clínica de Olhos Benchimol,https://clinicadeolhosbenchimol.com.br/alerta-de-cuidado-para-maquiagens-nos-olhos-no-halloween/,,"index, follow, max-image-preview:large, max-snippet:-1, max-video-preview:-1",https://clinicadeolhosbenchimol.com.br/wp-content/uploads/2024/03/blog-setembro-2023.webp,1,Alerta de cuidado para maquiagens nos olhos no Halloween
https://clinicadeolhosbenchimol.com.br/alerta-para-as-doencas-raras-oculares/,https://clinicadeolhosbenchimol.com.br/alerta-para-as-doencas-raras-oculares/,200,Alerta Para as Doenças Raras Oculares - Clínica de Olhos Benchimol,https://clinicadeolhosbenchimol.com.br/alerta-para-as-doencas-raras-oculares/,,"index, follow, max-image-preview:large, max-snippet:-1, max-video-preview:-1",https://clinicadeolhosbenchimol.com.br/wp-content/uploads/2021/03/blogdoencasrarasoculares.webp,1,Alerta Para as Doenças Raras Oculares
https://clinicadeolhosbenchimol.com.br/alimentos-que-fazem-bem-para-os-olhos/,https://clinicadeolhosbenchimol.com.br/alimentos-que-fazem-bem-para-os-olhos/,200,Alimentos que fazem bem para os olhos - Clínica de Olhos Benchimol,https://clinicadeolhosbenchimol.com.br/alimentos-que-fazem-bem-para-os-olhos/,,"index, follow, max-image-preview:large, max-snippet:-1, max-video-preview:-1",https://clinicadeolhosbenchimol.com.br/wp-content/uploads/2021/11/blogalimentos.jpg,1,Alimentos que fazem bem para os olhos
https://clinicadeolhosbenchimol.com.br/ambliopia-ou-olho-preguicoso/,https://clinicadeolhosbenchimol.com.br/ambliopia-ou-olho-preguicoso/,200,Ambliopia ou Olho Preguiçoso - Clínica de Olhos Benchimol,https://clinicadeolhosbenchimol.com.br/ambliopia-ou-olho-preguicoso/,,"index, follow, max-image-preview:large, max-snippet:-1, max-video-preview:-1",https://clinicadeolhosbenchimol.com.br/wp-content/uploads/2020/07/blog-julho-2020-04.webp,1,Ambliopia ou Olho Preguiçoso
https://clinicadeolhosbenchimol.com.br/analise-de-imagem-da-retina-promete-auxiliar-no-diagnostico-precoce-do-alzheimer/,https://clinicadeolhosbenchimol.com.br/analise-de-imagem-da-retina-promete-auxiliar-no-diagnostico-precoce-do-alzheimer/,200,Análise de imagem da retina promete auxiliar no diagnóstico precoce do Alzheimer - Clínica de Olhos Benchimol,https://clinicadeolhosbenchimol.com.br/analise-de-imagem-da-retina-promete-auxiliar-no-diagnostico-precoce-do-alzheimer/,,"index, follow, max-image-preview:large, max-snippet:-1, max-video-preview:-1",https://clinicadeolhosbenchimol.com.br/wp-content/uploads/2019/11/blog04-novembro-2019.webp,1,Análise de imagem da retina promete auxiliar no diagnóstico precoce do Alzheimer
https://clinicadeolhosbenchimol.com.br/aparelho-mais-moderno-do-mundo-para-deteccao-de-patologias-da-retina-chega-a-clinica-benchimol/,https://clinicadeolhosbenchimol.com.br/aparelho-mais-moderno-do-mundo-para-deteccao-de-patologias-da-retina-chega-a-clinica-benchimol/,200,Aparelho mais moderno do mundo para detecção de patologias da retina chega à Clínica Benchimol - Clínica de Olhos Benchimol,https://clinicadeolhosbenchimol.com.br/aparelho-mais-moderno-do-mundo-para-deteccao-de-patologias-da-retina-chega-a-clinica-benchimol/,,"index, follow, max-image-preview:large, max-snippet:-1, max-video-preview:-1",https://clinicadeolhosbenchimol.com.br/wp-content/uploads/2024/03/blog02-maico-2019.webp,1,Aparelho mais moderno do mundo para detecção de patologias da retina chega à Clínica Benchimol
https://clinicadeolhosbenchimol.com.br/as-aulas-trabalhos-virtuais-e-o-estresse-visual/,https://clinicadeolhosbenchimol.com.br/as-aulas-trabalhos-virtuais-e-o-estresse-visual/,200,As aulas/ trabalhos virtuais e o estresse visual - Clínica de Olhos Benchimol,https://clinicadeolhosbenchimol.com.br/as-aulas-trabalhos-virtuais-e-o-estresse-visual/,,"index, follow, max-image-preview:large, max-snippet:-1, max-video-preview:-1",https://clinicadeolhosbenchimol.com.br/wp-content/uploads/2020/10/blog-outubro-2020-02.webp,1,As aulas/ trabalhos virtuais e o estresse visual
https://clinicadeolhosbenchimol.com.br/astigmatismo/,https://clinicadeolhosbenchimol.com.br/astigmatismo/,200,Astigmatismo - Clínica de Olhos Benchimol,https://clinicadeolhosbenchimol.com.br/astigmatismo/,,"index, follow, max-image-preview:large, max-snippet:-1, max-video-preview:-1",https://clinicadeolhosbenchimol.com.br/wp-content/uploads/2020/08/blog-agosto-2020-03.webp,1,Astigmatismo
https://clinicadeolhosbenchimol.com.br/atividade-fisica-e-saude-ocular/,https://clinicadeolhosbenchimol.com.br/atividade-fisica-e-saude-ocular/,200,Atividade Física e Saúde Ocular - Clínica de Olhos Benchimol,https://clinicadeolhosbenchimol.com.br/atividade-fisica-e-saude-ocular/,,"index, follow, max-image-preview:large, max-snippet:-1, max-video-preview:-1",https://clinicadeolhosbenchimol.com.br/wp-content/uploads/2020/09/blog-setembro-2020.webp,1,Atividade Física e Saúde Ocular
https://clinicadeolhosbenchimol.com.br/auto-refrator/,https://clinicadeolhosbenchimol.com.br/auto-refrator/,200,Auto-Refrator - Clínica de Olhos Benchimol,https://clinicadeolhosbenchimol.com.br/auto-refrator/,,"index, follow, max-image-preview:large, max-snippet:-1, max-video-preview:-1",https://clinicadeolhosbenchimol.com.br/wp-content/uploads/2021/01/blog-janeiro-2021-07.webp,1,Auto-Refrator
https://clinicadeolhosbenchimol.com.br/automedicacao-pode-afetar-a-sua-saude-ocular/,https://clinicadeolhosbenchimol.com.br/automedicacao-pode-afetar-a-sua-saude-ocular/,200,Automedicação pode afetar a sua Saúde Ocular - Clínica de Olhos Benchimol,https://clinicadeolhosbenchimol.com.br/automedicacao-pode-afetar-a-sua-saude-ocular/,,"index, follow, max-image-preview:large, max-snippet:-1, max-video-preview:-1",https://clinicadeolhosbenchimol.com.br/wp-content/uploads/2021/01/blog-janeiro-2021-04.webp,1,Automedicação pode afetar a sua Saúde Ocular
https://clinicadeolhosbenchimol.com.br/blefarite/,https://clinicadeolhosbenchimol.com.br/blefarite/,200,Blefarite - Clínica de Olhos Benchimol,https://clinicadeolhosbenchimol.com.br/blefarite/,,"index, follow, max-image-preview:large, max-snippet:-1, max-video-preview:-1",https://clinicadeolhosbenchimol.com.br/wp-content/uploads/2020/07/blog-julho-2020-02.webp,1,Blefarite
https://clinicadeolhosbenchimol.com.br/blog/,https://clinicadeolhosbenchimol.com.br/blog/,200,Blog - Clínica de Olhos Benchimol - Copacabana RJ,https://clinicadeolhosbenchimol.com.br/blog/,"Acesse nosso site e veja mais blogs do mundo da oftalmologia como esse. Cirurgia, exame e tratamento. Unidade em Copacabana e Campo Grande RJ!","index, follow, max-image-preview:large, max-snippet:-1, max-video-preview:-1",https://clinicadeolhosbenchimol.com.br/wp-content/uploads/2025/05/Glaucoma_Maio-Verde.jpg,0,Arquivos
https://clinicadeolhosbenchimol.com.br/botox-contra-estrabismo-e-outros-problemas-oculares/,https://clinicadeolhosbenchimol.com.br/botox-contra-estrabismo-e-outros-problemas-oculares/,200,Botox contra estrabismo e outros problemas oculares? - Clínica de Olhos Benchimol,https://clinicadeolhosbenchimol.com.br/botox-contra-estrabismo-e-outros-problemas-oculares/,,"index, follow, max-image-preview:large, max-snippet:-1, max-video-preview:-1",https://clinicadeolhosbenchimol.com.br/wp-content/uploads/2022/12/botoxblog.jpg,1,Botox contra estrabismo e outros problemas oculares?
https://clinicadeolhosbenchimol.com.br/cancer-no-olho-de-criancas-pequenas-retinoblastoma/,https://clinicadeolhosbenchimol.com.br/cancer-no-olho-de-criancas-pequenas-retinoblastoma/,200,Câncer no olho de crianças pequenas - Retinoblastoma - Clínica de Olhos Benchimol,https://clinicadeolhosbenchimol.com.br/cancer-no-olho-de-criancas-pequenas-retinoblastoma/,,"index, follow, max-image-preview:large, max-snippet:-1, max-video-preview:-1",https://clinicadeolhosbenchimol.com.br/wp-content/uploads/2022/02/blog-retinoblastoma.jpg,1,Câncer no olho de crianças pequenas – Retinoblastoma
https://clinicadeolhosbenchimol.com.br/catarata-quais-os-sintomas-e-a-hora-de-procurar-o-medico/,https://clinicadeolhosbenchimol.com.br/catarata-quais-os-sintomas-e-a-hora-de-procurar-o-medico/,200,Catarata: quais os sintomas e a hora de procurar o médico? - Clínica de Olhos Benchimol,https://clinicadeolhosbenchimol.com.br/catarata-quais-os-sintomas-e-a-hora-de-procurar-o-medico/,,"index, follow, max-image-preview:large, max-snippet:-1, max-video-preview:-1",https://clinicadeolhosbenchimol.com.br/wp-content/uploads/2022/09/nlogcatarata001.png,1,Catarata: quais os sintomas e a hora de procurar o médico?
https://clinicadeolhosbenchimol.com.br/catarata-sintomas-causas-tipos-e-tratamento/,https://clinicadeolhosbenchimol.com.br/catarata-sintomas-causas-tipos-e-tratamento/,200,"Catarata: Sintomas, Causas, Tipos e Tratamento - Clínica de Olhos Benchimol",https://clinicadeolhosbenchimol.com.br/catarata-sintomas-causas-tipos-e-tratamento/,"Entenda tudo sobre catarata, principais sintomas, causas que levam ao desenvolvimento, diferentes tipos e as opções de tratamento disponíveis","index, follow, max-image-preview:large, max-snippet:-1, max-video-preview:-1",https://clinicadeolhosbenchimol.com.br/wp-content/uploads/2024/09/WhatsApp-Image-2024-09-05-at-10.47.26.jpeg,1,"Catarata: Sintomas, Causas, Tipos e Tratamento"
https://clinicadeolhosbenchimol.com.br/catarata-tipos-causas-fatores-de-risco-e-sintomas/,https://clinicadeolhosbenchimol.com.br/catarata-tipos-causas-fatores-de-risco-e-sintomas/,200,"Catarata: tipos, causas, fatores de risco e sintomas - Clínica de Olhos Benchimol",https://clinicadeolhosbenchimol.com.br/catarata-tipos-causas-fatores-de-risco-e-sintomas/,,"index, follow, max-image-preview:large, max-snippet:-1, max-video-preview:-1",https://clinicadeolhosbenchimol.com.br/wp-content/uploads/2024/03/blog02-outubro-2018.webp,1,"Catarata: tipos, causas, fatores de risco e sintomas"
https://clinicadeolhosbenchimol.com.br/catarata/,https://clinicadeolhosbenchimol.com.br/catarata/,200,Catarata - Clínica de Olhos Benchimol,https://clinicadeolhosbenchimol.com.br/catarata/,"​Catarata: tratamento, diagnóstico e cirurgia na Clínica de Olhos Benchimol. Agende sua consulta com a nossa equipe!","index, follow, max-image-preview:large, max-snippet:-1, max-video-preview:-1",https://clinicadeolhosbenchimol.com.br/wp-content/uploads/2025/09/50263-682x1024.jpg,0,Catarata
https://clinicadeolhosbenchimol.com.br/category/bingo-bash-free-chips/,https://clinicadeolhosbenchimol.com.br/category/bingo-bash-free-chips/,200,Arquivo de bingo bash free chips - Clínica de Olhos Benchimol,https://clinicadeolhosbenchimol.com.br/category/bingo-bash-free-chips/,,"index, follow, max-image-preview:large, max-snippet:-1, max-video-preview:-1",,0,Categoria: bingo bash free chips
https://clinicadeolhosbenchimol.com.br/category/bingo-drive-free-credits/,https://clinicadeolhosbenchimol.com.br/category/bingo-drive-free-credits/,200,Arquivo de bingo drive free credits - Clínica de Olhos Benchimol,https://clinicadeolhosbenchimol.com.br/category/bingo-drive-free-credits/,,"index, follow, max-image-preview:large, max-snippet:-1, max-video-preview:-1",,0,Categoria: bingo drive free credits
https://clinicadeolhosbenchimol.com.br/category/blog/,https://clinicadeolhosbenchimol.com.br/category/blog/,200,Arquivo de Blog - Clínica de Olhos Benchimol,https://clinicadeolhosbenchimol.com.br/category/blog/,,"index, follow, max-image-preview:large, max-snippet:-1, max-video-preview:-1",,0,Categoria: Blog
https://clinicadeolhosbenchimol.com.br/category/board-kings-free-gems-diamonds/,https://clinicadeolhosbenchimol.com.br/category/board-kings-free-gems-diamonds/,200,Arquivo de board kings free gems diamonds - Clínica de Olhos Benchimol,https://clinicadeolhosbenchimol.com.br/category/board-kings-free-gems-diamonds/,,"index, follow, max-image-preview:large, max-snippet:-1, max-video-preview:-1",,0,Categoria: board kings free gems diamonds
https://clinicadeolhosbenchimol.com.br/category/coin-master-free-spins/,https://clinicadeolhosbenchimol.com.br/category/coin-master-free-spins/,200,Arquivo de coin master free spins - Clínica de Olhos Benchimol,https://clinicadeolhosbenchimol.com.br/category/coin-master-free-spins/,,"index, follow, max-image-preview:large, max-snippet:-1, max-video-preview:-1",,0,Categoria: coin master free spins
https://clinicadeolhosbenchimol.com.br/category/dice-dreams-free-rolls-hack-deutsch/,https://clinicadeolhosbenchimol.com.br/category/dice-dreams-free-rolls-hack-deutsch/,200,Arquivo de Dice Dreams free rolls hack Deutsch - Clínica de Olhos Benchimol,https://clinicadeolhosbenchimol.com.br/category/dice-dreams-free-rolls-hack-deutsch/,,"index, follow, max-image-preview:large, max-snippet:-1, max-video-preview:-1",,0,Categoria: Dice Dreams free rolls hack Deutsch
https://clinicadeolhosbenchimol.com.br/category/family-island-free-energy/,https://clinicadeolhosbenchimol.com.br/category/family-island-free-energy/,200,Arquivo de family island free energy - Clínica de Olhos Benchimol,https://clinicadeolhosbenchimol.com.br/category/family-island-free-energy/,,"index, follow, max-image-preview:large, max-snippet:-1, max-video-preview:-1",,0,Categoria: family island free energy
https://clinicadeolhosbenchimol.com.br/category/gaminator-bonus-coins/,https://clinicadeolhosbenchimol.com.br/category/gaminator-bonus-coins/,200,Arquivo de gaminator bonus coins - Clínica de Olhos Benchimol,https://clinicadeolhosbenchimol.com.br/category/gaminator-bonus-coins/,,"index, follow, max-image-preview:large, max-snippet:-1, max-video-preview:-1",,0,Categoria: gaminator bonus coins
https://clinicadeolhosbenchimol.com.br/category/oftalmologia/,https://clinicadeolhosbenchimol.com.br/category/oftalmologia/,200,Arquivo de Oftalmologia - Clínica de Olhos Benchimol,https://clinicadeolhosbenchimol.com.br/category/oftalmologia/,,"index, follow, max-image-preview:large, max-snippet:-1, max-video-preview:-1",,0,Categoria: Oftalmologia
https://clinicadeolhosbenchimol.com.br/category/solitaire-grand-harvest-free-coins/,https://clinicadeolhosbenchimol.com.br/category/solitaire-grand-harvest-free-coins/,200,Arquivo de solitaire grand harvest free coins - Clínica de Olhos Benchimol,https://clinicadeolhosbenchimol.com.br/category/solitaire-grand-harvest-free-coins/,,"index, follow, max-image-preview:large, max-snippet:-1, max-video-preview:-1",,0,Categoria: solitaire grand harvest free coins
https://clinicadeolhosbenchimol.com.br/causas-da-miopia-vao-alem-da-genetica/,https://clinicadeolhosbenchimol.com.br/causas-da-miopia-vao-alem-da-genetica/,200,Causas da miopia vão além da genética - Clínica de Olhos Benchimol,https://clinicadeolhosbenchimol.com.br/causas-da-miopia-vao-alem-da-genetica/,,"index, follow, max-image-preview:large, max-snippet:-1, max-video-preview:-1",https://clinicadeolhosbenchimol.com.br/wp-content/uploads/2020/12/blog-dezembro-2020-04.webp,1,Causas da miopia vão além da genética
https://clinicadeolhosbenchimol.com.br/ceratocone-causas-sintomas-e-tratamentos/,https://clinicadeolhosbenchimol.com.br/ceratocone-causas-sintomas-e-tratamentos/,200,"Ceratocone: causas, sintomas e tratamentos - Clínica de Olhos Benchimol",https://clinicadeolhosbenchimol.com.br/ceratocone-causas-sintomas-e-tratamentos/,,"index, follow, max-image-preview:large, max-snippet:-1, max-video-preview:-1",https://clinicadeolhosbenchimol.com.br/wp-content/uploads/2024/03/blog02-abril-2019.webp,1,"Ceratocone: causas, sintomas e tratamentos"
https://clinicadeolhosbenchimol.com.br/certificacoes/,https://clinicadeolhosbenchimol.com.br/certificacoes/,200,Clínica de Olhos Certificada - Benchimol,https://clinicadeolhosbenchimol.com.br/certificacoes/,Temos a certificação Diamante da 3M em Esterilização e somos classificados como Categoria A pela Associação de Hospitais do Rio de Janeiro.,"index, follow, max-image-preview:large, max-snippet:-1, max-video-preview:-1",https://clinicadeolhosbenchimol.com.br/wp-content/uploads/2022/12/blog001.webp,0,certificações
https://clinicadeolhosbenchimol.com.br/check-up-ocular-anual/,https://clinicadeolhosbenchimol.com.br/check-up-ocular-anual/,200,Check-Up Ocular Anual - Clínica de Olhos Benchimol,https://clinicadeolhosbenchimol.com.br/check-up-ocular-anual/,,"index, follow, max-image-preview:large, max-snippet:-1, max-video-preview:-1",https://clinicadeolhosbenchimol.com.br/wp-content/uploads/2021/01/blog-janeiro-2021-06.webp,1,Check-Up Ocular Anual
https://clinicadeolhosbenchimol.com.br/cirurgia-de-catarata-pode-prolongar-a-vida-de-mulheres/,https://clinicadeolhosbenchimol.com.br/cirurgia-de-catarata-pode-prolongar-a-vida-de-mulheres/,200,Cirurgia de catarata pode prolongar a vida de mulheres - Clínica de Olhos Benchimol,https://clinicadeolhosbenchimol.com.br/cirurgia-de-catarata-pode-prolongar-a-vida-de-mulheres/,,"index, follow, max-image-preview:large, max-snippet:-1, max-video-preview:-1",https://clinicadeolhosbenchimol.com.br/wp-content/uploads/2018/11/blog-novembro-2018.webp,1,Cirurgia de catarata pode prolongar a vida de mulheres
https://clinicadeolhosbenchimol.com.br/cirurgia-refrativa-o-que-e-e-indicacoes/,https://clinicadeolhosbenchimol.com.br/cirurgia-refrativa-o-que-e-e-indicacoes/,200,Cirurgia Refrativa: O que é e Indicações - Clínica de Olhos Benchimol,https://clinicadeolhosbenchimol.com.br/cirurgia-refrativa-o-que-e-e-indicacoes/,"Descubra o que é a cirurgia refrativa, indicações e como funciona. Saiba quais erros refrativos podem ser corrigidos e os cuidados essenciais","index, follow, max-image-preview:large, max-snippet:-1, max-video-preview:-1",https://clinicadeolhosbenchimol.com.br/wp-content/uploads/2025/02/medical-team-performing-surgical-operation-2.jpg,1,Cirurgia Refrativa: O que é e Indicações
https://clinicadeolhosbenchimol.com.br/cirurgia-refrativa-quais-as-indicacoes-como-e-feita-e-quais-os-cuidados-no-pos-operatorio/,https://clinicadeolhosbenchimol.com.br/cirurgia-refrativa-quais-as-indicacoes-como-e-feita-e-quais-os-cuidados-no-pos-operatorio/,200,"Cirurgia refrativa: quais as indicações, como é feita e quais os cuidados no pós-operatório - Clínica de Olhos Benchimol",https://clinicadeolhosbenchimol.com.br/cirurgia-refrativa-quais-as-indicacoes-como-e-feita-e-quais-os-cuidados-no-pos-operatorio/,,"index, follow, max-image-preview:large, max-snippet:-1, max-video-preview:-1",https://clinicadeolhosbenchimol.com.br/wp-content/uploads/2022/12/blog001.webp,1,"Cirurgia refrativa: quais as indicações, como é feita e quais os cuidados no pós-operatório"
https://clinicadeolhosbenchimol.com.br/cirurgia-refrativa/,https://clinicadeolhosbenchimol.com.br/cirurgia-refrativa/,200,Cirurgia Refrativa - Clínica de Olhos Benchimol,https://clinicadeolhosbenchimol.com.br/cirurgia-refrativa/,"​Conheça a cirurgia refrativa para miopia, astigmatismo e hipermetropia. Agende sua consulta com a Clínica de Olhos Benchimol!","index, follow, max-image-preview:large, max-snippet:-1, max-video-preview:-1",https://clinicadeolhosbenchimol.com.br/wp-content/uploads/2025/08/18577.jpg,0,Cirurgia Refrativa
https://clinicadeolhosbenchimol.com.br/claridade-incomodando-a-visao-conheca-possiveis-causas-e-como-tratar/,https://clinicadeolhosbenchimol.com.br/claridade-incomodando-a-visao-conheca-possiveis-causas-e-como-tratar/,200,Claridade incomodando a visão? Conheça possíveis causas e como tratar - Clínica de Olhos Benchimol,https://clinicadeolhosbenchimol.com.br/claridade-incomodando-a-visao-conheca-possiveis-causas-e-como-tratar/,,"index, follow, max-image-preview:large, max-snippet:-1, max-video-preview:-1",https://clinicadeolhosbenchimol.com.br/wp-content/uploads/2024/03/blog-setembro-2023.webp,1,Claridade incomodando a visão? Conheça possíveis causas e como tratar
https://clinicadeolhosbenchimol.com.br/clinica-benchimol-oftalmologia-e-centro-de-tratamento-de-catarata/,https://clinicadeolhosbenchimol.com.br/clinica-benchimol-oftalmologia-e-centro-de-tratamento-de-catarata/,200,Clínica Benchimol: Oftalmologia e Centro de Tratamento de Catarata,https://clinicadeolhosbenchimol.com.br/clinica-benchimol-oftalmologia-e-centro-de-tratamento-de-catarata/,"Conheça a Clínica Benchimol, especializada em oftalmologia e referência no tratamento de catarata. Confira.","index, follow, max-image-preview:large, max-snippet:-1, max-video-preview:-1",https://clinicadeolhosbenchimol.com.br/wp-content/uploads/2024/09/WhatsApp-Image-2024-09-05-at-11.46.40.jpeg,1,Clínica Benchimol: Oftalmologia e Centro de Tratamento de Catarata
https://clinicadeolhosbenchimol.com.br/clinica-de-olhos-benchimol-tradicao-e-inovacao-em-oftalmologia/,https://clinicadeolhosbenchimol.com.br/clinica-de-olhos-benchimol-tradicao-e-inovacao-em-oftalmologia/,200,Clínica de Olhos Benchimol: Tradição e Inovação em Oftalmologia - Clínica de Olhos Benchimol,https://clinicadeolhosbenchimol.com.br/clinica-de-olhos-benchimol-tradicao-e-inovacao-em-oftalmologia/,Conheça a Clínica de Olhos Benchimol: Tradição e Inovação em Oftalmologia há mais de 70 anos. Equipe especializada e humanizada.,"index, follow, max-image-preview:large, max-snippet:-1, max-video-preview:-1",https://clinicadeolhosbenchimol.com.br/wp-content/uploads/2024/11/6ae274c3-14eb-4f69-aafb-df0a4c6e52a7.jpg,1,Clínica de Olhos Benchimol: Tradição e Inovação em Oftalmologia
https://clinicadeolhosbenchimol.com.br/colesterol-e-saude-ocular/,https://clinicadeolhosbenchimol.com.br/colesterol-e-saude-ocular/,200,Colesterol e Saúde Ocular - Clínica de Olhos Benchimol,https://clinicadeolhosbenchimol.com.br/colesterol-e-saude-ocular/,,"index, follow, max-image-preview:large, max-snippet:-1, max-video-preview:-1",https://clinicadeolhosbenchimol.com.br/wp-content/uploads/2020/10/blog-outubro-2020-06.webp,1,Colesterol e Saúde Ocular
https://clinicadeolhosbenchimol.com.br/colirio-medicamento-requer-cuidados/,https://clinicadeolhosbenchimol.com.br/colirio-medicamento-requer-cuidados/,200,Colírio: medicamento requer cuidados. - Clínica de Olhos Benchimol,https://clinicadeolhosbenchimol.com.br/colirio-medicamento-requer-cuidados/,,"index, follow, max-image-preview:large, max-snippet:-1, max-video-preview:-1",https://clinicadeolhosbenchimol.com.br/wp-content/uploads/2020/11/blog-novembro-2020-07.webp,1,Colírio: medicamento requer cuidados.
https://clinicadeolhosbenchimol.com.br/comer-verduras-pode-ajudar-a-prevenir-a-degeneracao-macular/,https://clinicadeolhosbenchimol.com.br/comer-verduras-pode-ajudar-a-prevenir-a-degeneracao-macular/,200,Comer verduras pode ajudar a prevenir a degeneração macular - Clínica de Olhos Benchimol,https://clinicadeolhosbenchimol.com.br/comer-verduras-pode-ajudar-a-prevenir-a-degeneracao-macular/,,"index, follow, max-image-preview:large, max-snippet:-1, max-video-preview:-1",https://clinicadeolhosbenchimol.com.br/wp-content/uploads/2018/10/blog-outubro-2018.webp,1,Comer verduras pode ajudar a prevenir a degeneração macular
https://clinicadeolhosbenchimol.com.br/como-funciona-a-injecao-intravitrea-para-o-tratamento-de-condicoes-da-macula/,https://clinicadeolhosbenchimol.com.br/como-funciona-a-injecao-intravitrea-para-o-tratamento-de-condicoes-da-macula/,200,Aplicação de injeção intravítrea - Clínica de Olhos Benchimol,https://clinicadeolhosbenchimol.com.br/como-funciona-a-injecao-intravitrea-para-o-tratamento-de-condicoes-da-macula/,"A injeção intravítrea é uma opção no tratamento de doenças da mácula, como DMRI e edema diabético. Confira o artigo e saiba mais!","index, follow, max-image-preview:large, max-snippet:-1, max-video-preview:-1",https://clinicadeolhosbenchimol.com.br/wp-content/uploads/2025/09/IMG_20250903_093613_570.jpg,1,Como funciona a injeção intravítrea para o tratamento de condições da mácula
https://clinicadeolhosbenchimol.com.br/como-higienizar-corretamente-as-lentes-do-oculos/,https://clinicadeolhosbenchimol.com.br/como-higienizar-corretamente-as-lentes-do-oculos/,200,Como higienizar corretamente as lentes do óculos. - Clínica de Olhos Benchimol,https://clinicadeolhosbenchimol.com.br/como-higienizar-corretamente-as-lentes-do-oculos/,,"index, follow, max-image-preview:large, max-snippet:-1, max-video-preview:-1",https://clinicadeolhosbenchimol.com.br/wp-content/uploads/2020/08/blog-agosto-2020-06.webp,1,Como higienizar corretamente as lentes do óculos.
https://clinicadeolhosbenchimol.com.br/como-identificar-os-primeiros-sinais-de-catarata/,https://clinicadeolhosbenchimol.com.br/como-identificar-os-primeiros-sinais-de-catarata/,200,Catarata: como identificar os primeiros sinais - Clínica de Olhos Benchimol,https://clinicadeolhosbenchimol.com.br/como-identificar-os-primeiros-sinais-de-catarata/,Notou visão embaçada ou sensibilidade à luz? A Clínica de Olhos Benchimol orienta: esses podem ser sinais de catarata. Busque avaliação médica,"index, follow, max-image-preview:large, max-snippet:-1, max-video-preview:-1",https://clinicadeolhosbenchimol.com.br/wp-content/uploads/2025/08/unnamed-4.jpg,1,Como identificar os primeiros sinais de catarata
https://clinicadeolhosbenchimol.com.br/como-o-transtorno-do-espectro-autista-tea-pode-afetar-a-visao/,https://clinicadeolhosbenchimol.com.br/como-o-transtorno-do-espectro-autista-tea-pode-afetar-a-visao/,200,Como o Transtorno do Espectro Autista (TEA) pode afetar a visão? - Clínica de Olhos Benchimol,https://clinicadeolhosbenchimol.com.br/como-o-transtorno-do-espectro-autista-tea-pode-afetar-a-visao/,Entenda como o Transtorno do Espectro Autista (TEA) pode afetar a visão de pacientes com o transtorno e quais alterações visuais mais comuns.,"index, follow, max-image-preview:large, max-snippet:-1, max-video-preview:-1",https://clinicadeolhosbenchimol.com.br/wp-content/uploads/2025/04/Espectro-autista.jpg,1,Como o Transtorno do Espectro Autista (TEA) pode afetar a visão?
https://clinicadeolhosbenchimol.com.br/como-saber-se-a-pressao-ocular-esta-alta/,https://clinicadeolhosbenchimol.com.br/como-saber-se-a-pressao-ocular-esta-alta/,200,Como saber se a pressão ocular está alta? - Clínica de Olhos Benchimol,https://clinicadeolhosbenchimol.com.br/como-saber-se-a-pressao-ocular-esta-alta/,,"index, follow, max-image-preview:large, max-snippet:-1, max-video-preview:-1",https://clinicadeolhosbenchimol.com.br/wp-content/uploads/2020/07/blog-julho-2020-07.webp,1,Como saber se a pressão ocular está alta?
https://clinicadeolhosbenchimol.com.br/como-uma-alimentacao-correta-pode-evitar-o-aparecimento-de-doencas-oculares-como-dmri-e-olho-seco/,https://clinicadeolhosbenchimol.com.br/como-uma-alimentacao-correta-pode-evitar-o-aparecimento-de-doencas-oculares-como-dmri-e-olho-seco/,200,Como uma alimentação correta pode evitar o aparecimento de doenças oculares como DMRI e olho seco - Clínica de Olhos Benchimol,https://clinicadeolhosbenchimol.com.br/como-uma-alimentacao-correta-pode-evitar-o-aparecimento-de-doencas-oculares-como-dmri-e-olho-seco/,,"index, follow, max-image-preview:large, max-snippet:-1, max-video-preview:-1",https://clinicadeolhosbenchimol.com.br/wp-content/uploads/2019/05/blog01-maio-2019.webp,1,Como uma alimentação correta pode evitar o aparecimento de doenças oculares como DMRI e olho seco
https://clinicadeolhosbenchimol.com.br/como-voce-pode-colaborar-com-a-saude-dos-seus-olhos/,https://clinicadeolhosbenchimol.com.br/como-voce-pode-colaborar-com-a-saude-dos-seus-olhos/,200,Como você pode colaborar com a saúde dos seus olhos - Clínica de Olhos Benchimol,https://clinicadeolhosbenchimol.com.br/como-voce-pode-colaborar-com-a-saude-dos-seus-olhos/,,"index, follow, max-image-preview:large, max-snippet:-1, max-video-preview:-1",https://clinicadeolhosbenchimol.com.br/wp-content/uploads/2023/02/blog-fevereiro-2023.webp,1,Como você pode colaborar com a saúde dos seus olhos
https://clinicadeolhosbenchimol.com.br/convenios-nv,https://clinicadeolhosbenchimol.com.br/convenios/,200,Convênios - Clínica de Olhos Benchimol,https://clinicadeolhosbenchimol.com.br/convenios/,​Cuide da sua saúde ocular com mais facilidade. Oferecemos atendimento oftalmológico por diversos convênios. Confira a lista completa aqui!,"index, follow, max-image-preview:large, max-snippet:-1, max-video-preview:-1",,0,Convênios
https://clinicadeolhosbenchimol.com.br/convenios/,https://clinicadeolhosbenchimol.com.br/convenios/,200,Convênios - Clínica de Olhos Benchimol,https://clinicadeolhosbenchimol.com.br/convenios/,​Cuide da sua saúde ocular com mais facilidade. Oferecemos atendimento oftalmológico por diversos convênios. Confira a lista completa aqui!,"index, follow, max-image-preview:large, max-snippet:-1, max-video-preview:-1",,0,Convênios
https://clinicadeolhosbenchimol.com.br/cornea-sintetica-uma-esperanca-para-quem-aguarda-ha-anos-a-doacao-da-versao-humana/,https://clinicadeolhosbenchimol.com.br/cornea-sintetica-uma-esperanca-para-quem-aguarda-ha-anos-a-doacao-da-versao-humana/,200,"Córnea sintética, uma esperança para quem aguarda há anos a doação da versão humana. - Clínica de Olhos Benchimol",https://clinicadeolhosbenchimol.com.br/cornea-sintetica-uma-esperanca-para-quem-aguarda-ha-anos-a-doacao-da-versao-humana/,,"index, follow, max-image-preview:large, max-snippet:-1, max-video-preview:-1",https://clinicadeolhosbenchimol.com.br/wp-content/uploads/2021/07/Blogcornasintetica.jpg,1,"Córnea sintética, uma esperança para quem aguarda há anos a doação da versão humana."
https://clinicadeolhosbenchimol.com.br/cuidado-o-diabetes-tambem-pode-causar-cegueira/,https://clinicadeolhosbenchimol.com.br/cuidado-o-diabetes-tambem-pode-causar-cegueira/,200,Cuidado: o diabetes também pode causar cegueira - Clínica de Olhos Benchimol,https://clinicadeolhosbenchimol.com.br/cuidado-o-diabetes-tambem-pode-causar-cegueira/,,"index, follow, max-image-preview:large, max-snippet:-1, max-video-preview:-1",https://clinicadeolhosbenchimol.com.br/wp-content/uploads/2024/03/image-1.png,1,Cuidado: o diabetes também pode causar cegueira
https://clinicadeolhosbenchimol.com.br/cuidados-ao-maquiar-os-olhos/,https://clinicadeolhosbenchimol.com.br/cuidados-ao-maquiar-os-olhos/,200,Cuidados ao maquiar os olhos - Clínica de Olhos Benchimol,https://clinicadeolhosbenchimol.com.br/cuidados-ao-maquiar-os-olhos/,,"index, follow, max-image-preview:large, max-snippet:-1, max-video-preview:-1",https://clinicadeolhosbenchimol.com.br/wp-content/uploads/2020/11/blog-novembro-2020-05.webp,1,Cuidados ao maquiar os olhos
https://clinicadeolhosbenchimol.com.br/cuidados-com-a-visao-durante-a-pratica-de-atividades-fisicas/,https://clinicadeolhosbenchimol.com.br/cuidados-com-a-visao-durante-a-pratica-de-atividades-fisicas/,200,Cuidados com a Visão Durante a Prática de Atividades Físicas - Clínica de Olhos Benchimol,https://clinicadeolhosbenchimol.com.br/cuidados-com-a-visao-durante-a-pratica-de-atividades-fisicas/,Proteja sua visão durante a prática de atividades físicas com dicas de prevenção e equipamentos adequados.,"index, follow, max-image-preview:large, max-snippet:-1, max-video-preview:-1",https://clinicadeolhosbenchimol.com.br/wp-content/uploads/2024/12/visao-na-pratica-de-atividades-fisicas.png,1,Cuidados com a Visão Durante a Prática de Atividades Físicas
https://clinicadeolhosbenchimol.com.br/cuidados-com-a-visao-no-verao/,https://clinicadeolhosbenchimol.com.br/cuidados-com-a-visao-no-verao/,200,Cuidados com a Visão no Verão: - Clínica de Olhos Benchimol,https://clinicadeolhosbenchimol.com.br/cuidados-com-a-visao-no-verao/,,"index, follow, max-image-preview:large, max-snippet:-1, max-video-preview:-1",https://clinicadeolhosbenchimol.com.br/wp-content/uploads/2020/01/blog-janeiro-2020-02.webp,1,Cuidados com a Visão no Verão:
https://clinicadeolhosbenchimol.com.br/cuidados-com-as-palpebras/,https://clinicadeolhosbenchimol.com.br/cuidados-com-as-palpebras/,200,Cuidados com as Pálpebras - Clínica de Olhos Benchimol,https://clinicadeolhosbenchimol.com.br/cuidados-com-as-palpebras/,,"index, follow, max-image-preview:large, max-snippet:-1, max-video-preview:-1",https://clinicadeolhosbenchimol.com.br/wp-content/uploads/2021/02/blog-fevereiro-2021-02.webp,1,Cuidados com as Pálpebras
https://clinicadeolhosbenchimol.com.br/cuidados-com-os-olhos-ao-praticar-exercicio-fisico/,https://clinicadeolhosbenchimol.com.br/cuidados-com-os-olhos-ao-praticar-exercicio-fisico/,200,Cuidados com os Olhos ao Praticar Exercício Físico - Clínica de Olhos Benchimol,https://clinicadeolhosbenchimol.com.br/cuidados-com-os-olhos-ao-praticar-exercicio-fisico/,,"index, follow, max-image-preview:large, max-snippet:-1, max-video-preview:-1",https://clinicadeolhosbenchimol.com.br/wp-content/uploads/2020/10/blog-outubro-2020-01.webp,1,Cuidados com os Olhos ao Praticar Exercício Físico
https://clinicadeolhosbenchimol.com.br/cuidados-com-os-olhos-na-menopausa/,https://clinicadeolhosbenchimol.com.br/cuidados-com-os-olhos-na-menopausa/,200,Cuidados com os olhos na menopausa - Clínica de Olhos Benchimol,https://clinicadeolhosbenchimol.com.br/cuidados-com-os-olhos-na-menopausa/,,"index, follow, max-image-preview:large, max-snippet:-1, max-video-preview:-1",https://clinicadeolhosbenchimol.com.br/wp-content/uploads/2024/03/blog-novembro-2023.webp,1,Cuidados com os olhos na menopausa
https://clinicadeolhosbenchimol.com.br/cuidados-com-os-olhos-no-carnaval/,https://clinicadeolhosbenchimol.com.br/cuidados-com-os-olhos-no-carnaval/,200,Cuidados com os Olhos no Carnaval - Clínica de Olhos Benchimol,https://clinicadeolhosbenchimol.com.br/cuidados-com-os-olhos-no-carnaval/,"Saiba como proteger seus olhos no Carnaval! Cuidados essenciais para evitar irritações, infecções e danos causados por glitter e maquiagens","index, follow, max-image-preview:large, max-snippet:-1, max-video-preview:-1",https://clinicadeolhosbenchimol.com.br/wp-content/uploads/2025/02/olhos-no-carnaval.jpg,1,Cuidados com os Olhos no Carnaval
https://clinicadeolhosbenchimol.com.br/cuidados-com-os-olhos-no-outono/,https://clinicadeolhosbenchimol.com.br/cuidados-com-os-olhos-no-outono/,200,Cuidados com os olhos no outono - Clínica de Olhos Benchimol,https://clinicadeolhosbenchimol.com.br/cuidados-com-os-olhos-no-outono/,,"index, follow, max-image-preview:large, max-snippet:-1, max-video-preview:-1",https://clinicadeolhosbenchimol.com.br/wp-content/uploads/2022/05/blogoutono.jpg,1,Cuidados com os olhos no outono
https://clinicadeolhosbenchimol.com.br/cuidados-com-os-olhos-no-verao-2/,https://clinicadeolhosbenchimol.com.br/cuidados-com-os-olhos-no-verao-2/,200,Cuidados com os Olhos no Verão - Clínica de Olhos Benchimol,https://clinicadeolhosbenchimol.com.br/cuidados-com-os-olhos-no-verao-2/,"Proteja seus olhos no verão com dicas simples contra raios UV, cloro e areia. Garanta uma visão saudável e confortável!","index, follow, max-image-preview:large, max-snippet:-1, max-video-preview:-1",https://clinicadeolhosbenchimol.com.br/wp-content/uploads/2024/12/olhos-no-verao.png,1,Cuidados com os Olhos no Verão
https://clinicadeolhosbenchimol.com.br/cuidados-com-os-olhos-no-verao/,https://clinicadeolhosbenchimol.com.br/cuidados-com-os-olhos-no-verao/,200,Cuidados com os olhos no verão - Clínica de Olhos Benchimol,https://clinicadeolhosbenchimol.com.br/cuidados-com-os-olhos-no-verao/,,"index, follow, max-image-preview:large, max-snippet:-1, max-video-preview:-1",https://clinicadeolhosbenchimol.com.br/wp-content/uploads/2022/02/blogverao.jpg,1,Cuidados com os olhos no verão
https://clinicadeolhosbenchimol.com.br/cuidados-da-saude-ocular-na-primavera/,https://clinicadeolhosbenchimol.com.br/cuidados-da-saude-ocular-na-primavera/,200,Cuidados da Saúde Ocular na Primavera - Clínica de Olhos Benchimol,https://clinicadeolhosbenchimol.com.br/cuidados-da-saude-ocular-na-primavera/,,"index, follow, max-image-preview:large, max-snippet:-1, max-video-preview:-1",https://clinicadeolhosbenchimol.com.br/wp-content/uploads/2020/09/blog-setembro-2020-07.webp,1,Cuidados da Saúde Ocular na Primavera
https://clinicadeolhosbenchimol.com.br/cuidados-oculares-no-verao/,https://clinicadeolhosbenchimol.com.br/cuidados-oculares-no-verao/,200,Cuidados Oculares no Verão - Clínica de Olhos Benchimol,https://clinicadeolhosbenchimol.com.br/cuidados-oculares-no-verao/,,"index, follow, max-image-preview:large, max-snippet:-1, max-video-preview:-1",https://clinicadeolhosbenchimol.com.br/wp-content/uploads/2021/01/blog-janeiro-2021.webp,1,Cuidados Oculares no Verão
https://clinicadeolhosbenchimol.com.br/curiosidades-sobre-nossos-cilios/,https://clinicadeolhosbenchimol.com.br/curiosidades-sobre-nossos-cilios/,200,Curiosidades sobre nossos cílios: - Clínica de Olhos Benchimol,https://clinicadeolhosbenchimol.com.br/curiosidades-sobre-nossos-cilios/,,"index, follow, max-image-preview:large, max-snippet:-1, max-video-preview:-1",https://clinicadeolhosbenchimol.com.br/wp-content/uploads/2024/03/blog-julho-2020.webp,1,Curiosidades sobre nossos cílios:
https://clinicadeolhosbenchimol.com.br/daltonismo/,https://clinicadeolhosbenchimol.com.br/daltonismo/,200,Daltonismo - Clínica de Olhos Benchimol,https://clinicadeolhosbenchimol.com.br/daltonismo/,,"index, follow, max-image-preview:large, max-snippet:-1, max-video-preview:-1",https://clinicadeolhosbenchimol.com.br/wp-content/uploads/2021/02/blog-fevereiro-2021.webp,1,Daltonismo
https://clinicadeolhosbenchimol.com.br/degeneracao-macular-relacionada-a-idade-o-que-e-e-como-prevenir/,https://clinicadeolhosbenchimol.com.br/degeneracao-macular-relacionada-a-idade-o-que-e-e-como-prevenir/,200,Degeneração Macular Relacionada à Idade: o que é e como prevenir. - Clínica de Olhos Benchimol,https://clinicadeolhosbenchimol.com.br/degeneracao-macular-relacionada-a-idade-o-que-e-e-como-prevenir/,,"index, follow, max-image-preview:large, max-snippet:-1, max-video-preview:-1",https://clinicadeolhosbenchimol.com.br/wp-content/uploads/2021/06/Blognbmh.jpg,1,Degeneração Macular Relacionada à Idade: o que é e como prevenir.
https://clinicadeolhosbenchimol.com.br/degeneracao-macular-sintomas-causas-tipos-e-tratamento/,https://clinicadeolhosbenchimol.com.br/degeneracao-macular-sintomas-causas-tipos-e-tratamento/,200,"Degeneração Macular: Sintomas, Causas, Tipos e Tratamento - Clínica de Olhos Benchimol",https://clinicadeolhosbenchimol.com.br/degeneracao-macular-sintomas-causas-tipos-e-tratamento/,A degeneração macular é uma das principais causas de perda de visão em pessoas com mais de 60 anos. Confira.,"index, follow, max-image-preview:large, max-snippet:-1, max-video-preview:-1",https://clinicadeolhosbenchimol.com.br/wp-content/uploads/2024/10/WhatsApp-Image-2024-10-11-at-14.45.10.jpeg,1,"Degeneração Macular: Sintomas, Causas, Tipos e Tratamento"
https://clinicadeolhosbenchimol.com.br/degeneracao-macular/,https://clinicadeolhosbenchimol.com.br/degeneracao-macular/,200,Degeneração Macular Relacionada à Idade - DMRI - Clínica de Olhos Benchimol,https://clinicadeolhosbenchimol.com.br/degeneracao-macular/,​Saiba como a degeneração macular pode afetar a visão e descubra as opções de diagnóstico e tratamento na Clínica de Olhos Benchimol,"index, follow, max-image-preview:large, max-snippet:-1, max-video-preview:-1",https://clinicadeolhosbenchimol.com.br/wp-content/uploads/2025/08/2148739978.jpg,0,Degeneração Macular Relacionada à Idade – DMRI
https://clinicadeolhosbenchimol.com.br/desmistificando-a-cirurgia-de-catarata-5-mitos-e-verdades-cruciais/,https://clinicadeolhosbenchimol.com.br/desmistificando-a-cirurgia-de-catarata-5-mitos-e-verdades-cruciais/,200,Desmistificando a Cirurgia de Catarata: 5 Mitos e Verdades Cruciais - Clínica de Olhos Benchimol,https://clinicadeolhosbenchimol.com.br/desmistificando-a-cirurgia-de-catarata-5-mitos-e-verdades-cruciais/,,"index, follow, max-image-preview:large, max-snippet:-1, max-video-preview:-1",https://clinicadeolhosbenchimol.com.br/wp-content/uploads/2024/03/blog-fevereiro-2024.webp,1,Desmistificando a Cirurgia de Catarata: 5 Mitos e Verdades Cruciais
https://clinicadeolhosbenchimol.com.br/diabetes-pode-causar-cegueira-entenda-os-riscos-e-como-evitar/,https://clinicadeolhosbenchimol.com.br/diabetes-pode-causar-cegueira-entenda-os-riscos-e-como-evitar/,200,Diabetes pode causar cegueira? Entenda os riscos e como evitar - Clínica de Olhos Benchimol,https://clinicadeolhosbenchimol.com.br/diabetes-pode-causar-cegueira-entenda-os-riscos-e-como-evitar/,"Diabetes e cegueira: saiba como a doença afeta seus olhos, quais os sinais de alerta e as estratégias de prevenção para proteger sua visão!","index, follow, max-image-preview:large, max-snippet:-1, max-video-preview:-1",https://clinicadeolhosbenchimol.com.br/wp-content/uploads/2025/11/unnamed.jpg,1,Diabetes pode causar cegueira? Entenda os riscos e como evitar
https://clinicadeolhosbenchimol.com.br/dicas-naturais-para-a-saude-da-sua-visao/,https://clinicadeolhosbenchimol.com.br/dicas-naturais-para-a-saude-da-sua-visao/,200,Dicas naturais para a saúde da sua visão - Clínica de Olhos Benchimol,https://clinicadeolhosbenchimol.com.br/dicas-naturais-para-a-saude-da-sua-visao/,,"index, follow, max-image-preview:large, max-snippet:-1, max-video-preview:-1",https://clinicadeolhosbenchimol.com.br/wp-content/uploads/2020/11/blog-novembro-2020-04.webp,1,Dicas naturais para a saúde da sua visão
https://clinicadeolhosbenchimol.com.br/dicas-para-manter-a-visao-saudavel-ate-a-velhice/,https://clinicadeolhosbenchimol.com.br/dicas-para-manter-a-visao-saudavel-ate-a-velhice/,200,Dicas para manter a visão saudável até a velhice - Clínica de Olhos Benchimol,https://clinicadeolhosbenchimol.com.br/dicas-para-manter-a-visao-saudavel-ate-a-velhice/,,"index, follow, max-image-preview:large, max-snippet:-1, max-video-preview:-1",https://clinicadeolhosbenchimol.com.br/wp-content/uploads/2020/09/blog-setembro-2020-08.webp,1,Dicas para manter a visão saudável até a velhice
https://clinicadeolhosbenchimol.com.br/dicas-para-prevenir-a-conjuntivite-bacteriana/,https://clinicadeolhosbenchimol.com.br/dicas-para-prevenir-a-conjuntivite-bacteriana/,200,Dicas para prevenir a conjuntivite bacteriana. - Clínica de Olhos Benchimol,https://clinicadeolhosbenchimol.com.br/dicas-para-prevenir-a-conjuntivite-bacteriana/,,"index, follow, max-image-preview:large, max-snippet:-1, max-video-preview:-1",https://clinicadeolhosbenchimol.com.br/wp-content/uploads/2024/03/blog-dezembro-2023.webp,1,Dicas para prevenir a conjuntivite bacteriana.
https://clinicadeolhosbenchimol.com.br/dicas_cuidado_olhos_frio/,https://clinicadeolhosbenchimol.com.br/dicas_cuidado_olhos_frio/,200,Dicas essenciais de cuidados com os olhos durante o inverno.,https://clinicadeolhosbenchimol.com.br/dicas_cuidado_olhos_frio/,"No inverno, nossos olhos também precisam de cuidados especiais. Descubra como proteger sua visão do frio com essas dicas práticas e eficazes.","index, follow, max-image-preview:large, max-snippet:-1, max-video-preview:-1",https://clinicadeolhosbenchimol.com.br/wp-content/uploads/2024/07/dicas-cuidado-com-olhos-no-frio-scaled.jpg,1,Dicas de cuidados com os olhos no frio
https://clinicadeolhosbenchimol.com.br/dmri-seca-e-umida-saiba-quais-sao-as-diferencas/,https://clinicadeolhosbenchimol.com.br/dmri-seca-e-umida-saiba-quais-sao-as-diferencas/,200,DMRI seca e úmida: saiba quais são as diferenças - Clínica de Olhos Benchimol,https://clinicadeolhosbenchimol.com.br/dmri-seca-e-umida-saiba-quais-sao-as-diferencas/,DMRI: degeneração macular seca e úmida. Saiba as diferenças cruciais entre as 2 formas que podem ameaçar sua visão central.,"index, follow, max-image-preview:large, max-snippet:-1, max-video-preview:-1",https://clinicadeolhosbenchimol.com.br/wp-content/uploads/2025/11/unnamed-1.jpg,1,DMRI seca e úmida: saiba quais são as diferenças
https://clinicadeolhosbenchimol.com.br/doencas-oculares-mais-comuns/,https://clinicadeolhosbenchimol.com.br/doencas-oculares-mais-comuns/,200,Doenças Oculares mais Comuns - Clínica de Olhos Benchimol,https://clinicadeolhosbenchimol.com.br/doencas-oculares-mais-comuns/,"Descubra as doenças oculares mais comuns. Saiba os sintomas, tratamentos e a importância do diagnóstico precoce para preservar sua visão.","index, follow, max-image-preview:large, max-snippet:-1, max-video-preview:-1",https://clinicadeolhosbenchimol.com.br/wp-content/uploads/2025/01/Doencas-Oculares-Mais-Comuns.png,1,Doenças Oculares mais Comuns
https://clinicadeolhosbenchimol.com.br/dr-amir-zisman/,https://clinicadeolhosbenchimol.com.br/dr-amir-zisman/,200,Dr. Amir Zisman - Clínica de Olhos Benchimol,https://clinicadeolhosbenchimol.com.br/dr-amir-zisman/,Dr. Amir Zisman faz parte da equipe de médicos da clínica de olhos Benchimol. Unidades em Copacobana Zona Sul e Campo Grande RJ.,"index, follow, max-image-preview:large, max-snippet:-1, max-video-preview:-1",https://clinicadeolhosbenchimol.com.br/wp-content/uploads/2023/02/Amir-IMG_6934a.webp,0,Dr. Amir Zisman
https://clinicadeolhosbenchimol.com.br/dr-eduardo-lessa-martinez/,https://clinicadeolhosbenchimol.com.br/dr-eduardo-lessa-martinez/,200,Dr. Eduardo Lessa Martinez - Clínica de Olhos Benchimol,https://clinicadeolhosbenchimol.com.br/dr-eduardo-lessa-martinez/,Dr. Eduarda Lessa Martinez faz parte da equipe de médicos da clínica de olhos Benchimol. Unidades em Copacobana Zona Sul e Campo Grande RJ.,"index, follow, max-image-preview:large, max-snippet:-1, max-video-preview:-1",https://clinicadeolhosbenchimol.com.br/wp-content/uploads/2023/02/Eduardo-IMG_6724a.webp,0,Dr. Eduardo Lessa Martinez
https://clinicadeolhosbenchimol.com.br/dr-eliezer-benchimol/,https://clinicadeolhosbenchimol.com.br/dr-eliezer-benchimol/,200,Dr. Eliezer Benchimol - Clínica de Olhos Benchimol,https://clinicadeolhosbenchimol.com.br/dr-eliezer-benchimol/,Dr. Eliezer Benchimol faz parte da equipe de médicos da clínica de olhos Benchimol. Unidades em Copacobana Zona Sul e Campo Grande RJ.,"index, follow, max-image-preview:large, max-snippet:-1, max-video-preview:-1",https://clinicadeolhosbenchimol.com.br/wp-content/uploads/2023/02/Eliezer-IMG_7156a.webp,0,Dr. Eliezer Benchimol
https://clinicadeolhosbenchimol.com.br/dr-gabriel-benchimol/,https://clinicadeolhosbenchimol.com.br/dr-gabriel-benchimol/,200,Dr. Gabriel Benchimol - Clínica de Olhos Benchimol,https://clinicadeolhosbenchimol.com.br/dr-gabriel-benchimol/,​Conheça o Dr. Gabriel Benchimol: especialista em saúde ocular. Experiência e cuidado que transformam sua visão. Veja o currículo completo!,"index, follow, max-image-preview:large, max-snippet:-1, max-video-preview:-1",https://clinicadeolhosbenchimol.com.br/wp-content/uploads/2025/09/85a7590b-6e8d-4a4c-a480-b92b5320eac5-925x1024.jpeg,0,Dr. Gabriel Benchimol
https://clinicadeolhosbenchimol.com.br/dr-luciano-galhardo-de-barros/,https://clinicadeolhosbenchimol.com.br/dr-luciano-galhardo-de-barros/,200,Dr. Luciano Galhardo de Barros - Clínica de Olhos Benchimol,https://clinicadeolhosbenchimol.com.br/dr-luciano-galhardo-de-barros/,Dr. Luciano Gualhardo de B. faz parte da equipe de médicos da clínica de olhos Benchimol. Unidades em Copacobana Zona Sul e Campo Grande RJ.,"index, follow, max-image-preview:large, max-snippet:-1, max-video-preview:-1",https://clinicadeolhosbenchimol.com.br/wp-content/uploads/2023/02/Luciano-IMG_6945a.webp,0,Dr. Luciano Galhardo de Barros
https://clinicadeolhosbenchimol.com.br/dr-paulo-de-heraclito-lima-filho/,https://clinicadeolhosbenchimol.com.br/dr-paulo-de-heraclito-lima-filho/,200,Dr. Paulo de Heráclito Lima Filho - Clínica de Olhos Benchimol,https://clinicadeolhosbenchimol.com.br/dr-paulo-de-heraclito-lima-filho/,Dr. Paulo de Heráclito Lima F. faz parte da equipe de médico da clínica de olhos Benchimol. Unidades em Copacobana Zona Sul e Campo Grande RJ.,"index, follow, max-image-preview:large, max-snippet:-1, max-video-preview:-1",https://clinicadeolhosbenchimol.com.br/wp-content/uploads/2023/02/Paulo-IMG_6984a.webp,0,Dr. Paulo de Heráclito Lima Filho
https://clinicadeolhosbenchimol.com.br/dr-raphael-lima-benchimol/,https://clinicadeolhosbenchimol.com.br/dr-raphael-lima-benchimol/,200,Dr. Raphael Lima Benchimol - Clínica de Olhos Benchimol,https://clinicadeolhosbenchimol.com.br/dr-raphael-lima-benchimol/,Dr. Raphael Lima Benchimol: conheça sua trajetória e especialidades. Agende sua consulta na Clínica de Olhos Benchimol!,"index, follow, max-image-preview:large, max-snippet:-1, max-video-preview:-1",https://clinicadeolhosbenchimol.com.br/wp-content/uploads/2025/09/raphael.webp,0,Dr. Raphael Lima Benchimol
https://clinicadeolhosbenchimol.com.br/dr-sergio-benchimol-old/,https://clinicadeolhosbenchimol.com.br/dr-sergio-benchimol-old/,200,Dr. Sérgio Benchimol - Clínica de Olhos Benchimol,https://clinicadeolhosbenchimol.com.br/dr-sergio-benchimol-old/,Dr. Sérgio Benchimol faz parte da equipe de médicos da clínica de olhos Benchimol. Unidades em Copacobana Zona Sul e Campo Grande RJ.,"index, follow, max-image-preview:large, max-snippet:-1, max-video-preview:-1",https://clinicadeolhosbenchimol.com.br/wp-content/uploads/2023/02/Sergio-IMG_6561a.webp,0,Dr. Sérgio Benchimol
https://clinicadeolhosbenchimol.com.br/dr-sergio-benchimol/,https://clinicadeolhosbenchimol.com.br/dr-sergio-benchimol/,200,Dr. Sergio Benchimol - Clínica de Olhos Benchimol,https://clinicadeolhosbenchimol.com.br/dr-sergio-benchimol/,​Dr. Sergio Benchimol: conheça sua experiência em procedimentos complexos e excelência. Agende sua consulta na Clínica de Olhos Benchimol!,"index, follow, max-image-preview:large, max-snippet:-1, max-video-preview:-1",https://clinicadeolhosbenchimol.com.br/wp-content/uploads/2025/09/sergio-benchimol-1.webp,0,Dr. Sergio Benchimol
https://clinicadeolhosbenchimol.com.br/dra-adriana-benchimol/,https://clinicadeolhosbenchimol.com.br/dra-adriana-benchimol/,200,Dra. Adriana Benchimol - Clínica de Olhos Benchimol,https://clinicadeolhosbenchimol.com.br/dra-adriana-benchimol/,Dr. Adriana Benchimol faz parte da equipe de médicos da clínica de olhos Benchimol. Unidades em Copacobana Zona Sul e Campo Grande RJ.,"index, follow, max-image-preview:large, max-snippet:-1, max-video-preview:-1",https://clinicadeolhosbenchimol.com.br/wp-content/uploads/2023/02/Adriana-IMG_6606a.webp,0,Dra. Adriana Benchimol
https://clinicadeolhosbenchimol.com.br/dra-amelia-gomes-de-souza/,https://clinicadeolhosbenchimol.com.br/dra-amelia-gomes-de-souza/,200,Dra. Amélia Gomes de Souza - Clínica de Olhos Benchimol,https://clinicadeolhosbenchimol.com.br/dra-amelia-gomes-de-souza/,Dr. Amélia Gomes de Souza faz parte da equipe de médicos da clínica de olhos Benchimol. Unidades em Copacobana Zona Sul e Campo Grande RJ.,"index, follow, max-image-preview:large, max-snippet:-1, max-video-preview:-1",https://clinicadeolhosbenchimol.com.br/wp-content/uploads/2023/02/Amelia-IMG_7070a-e1675859621678.webp,0,Dra. Amélia Gomes de Souza
https://clinicadeolhosbenchimol.com.br/dra-dilma-de-sa-cavalcanti-do-vale/,https://clinicadeolhosbenchimol.com.br/dra-dilma-de-sa-cavalcanti-do-vale/,200,Dra. Dilma de Sá Cavalcanti do Vale - Clínica de Olhos Benchimol,https://clinicadeolhosbenchimol.com.br/dra-dilma-de-sa-cavalcanti-do-vale/,Dr. Dilma de Sá Cavalcanti faz parte da equipe de médicos da clínica de olhos Benchimol. Unidades em Copacobana Zona Sul e Campo Grande RJ.,"index, follow, max-image-preview:large, max-snippet:-1, max-video-preview:-1",https://clinicadeolhosbenchimol.com.br/wp-content/uploads/2023/02/Dra-Dilma_a.webp,0,Dra. Dilma de Sá Cavalcanti do Vale
https://clinicadeolhosbenchimol.com.br/dra-francine-campos-hauck/,https://clinicadeolhosbenchimol.com.br/dra-francine-campos-hauck/,200,Dra. Francine Campos Hauck - Clínica de Olhos Benchimol,https://clinicadeolhosbenchimol.com.br/dra-francine-campos-hauck/,Dr. Francine Campos Hauck faz parte da equipe de médicos da clínica de olhos Benchimol. Unidades em Copacobana Zona Sul e Campo Grande RJ.,"index, follow, max-image-preview:large, max-snippet:-1, max-video-preview:-1",https://clinicadeolhosbenchimol.com.br/wp-content/uploads/2023/02/Francine-IMG_6624a-e1675859566911.webp,0,Dra. Francine Campos Hauck
https://clinicadeolhosbenchimol.com.br/dra-liana-benchimol/,https://clinicadeolhosbenchimol.com.br/dra-liana-benchimol/,200,Dra. Liana Benchimol - Clínica de Olhos Benchimol,https://clinicadeolhosbenchimol.com.br/dra-liana-benchimol/,Dr. Liana Benchimol faz parte da equipe de médicos da clínica de olhos Benchimol. Unidades em Copacobana Zona Sul e Campo Grande RJ.,"index, follow, max-image-preview:large, max-snippet:-1, max-video-preview:-1",https://clinicadeolhosbenchimol.com.br/wp-content/uploads/2023/02/Liana-IMG_6541a.webp,0,Dra. Liana Benchimol
https://clinicadeolhosbenchimol.com.br/dra-mirelle-benchimol/,https://clinicadeolhosbenchimol.com.br/dra-mirelle-benchimol/,200,Dra. Mirelle Benchimol - Clínica de Olhos Benchimol,https://clinicadeolhosbenchimol.com.br/dra-mirelle-benchimol/,Dr. Mirelle Benchimol faz parte da equipe de médicos da clínica de olhos Benchimol. Unidades em Copacobana Zona Sul e Campo Grande RJ.,"index, follow, max-image-preview:large, max-snippet:-1, max-video-preview:-1",https://clinicadeolhosbenchimol.com.br/wp-content/uploads/2023/02/Mirelle-IMG_6591a.webp,0,Dra. Mirelle Benchimol
https://clinicadeolhosbenchimol.com.br/dra-monica-de-oliveira-coelho/,https://clinicadeolhosbenchimol.com.br/dra-monica-de-oliveira-coelho/,200,Dra. Mônica de Oliveira Coelho - Clínica de Olhos Benchimol,https://clinicadeolhosbenchimol.com.br/dra-monica-de-oliveira-coelho/,Dr. Mônica de Oliveira Coelho faz parte da equipe de médicos da clínica de olhos Benchimol. Unidades em Copacobana Zona Sul e Campo Grande RJ.,"index, follow, max-image-preview:large, max-snippet:-1, max-video-preview:-1",https://clinicadeolhosbenchimol.com.br/wp-content/uploads/2023/02/Monica-IMG_6535a.webp,0,Dra. Mônica de Oliveira Coelho
https://clinicadeolhosbenchimol.com.br/dra-nina-benchimol/,https://clinicadeolhosbenchimol.com.br/dra-nina-benchimol/,200,Dra. Nina Benchimol - Clínica de Olhos Benchimol,https://clinicadeolhosbenchimol.com.br/dra-nina-benchimol/,Dr. faz parte da equipe de médicos da clínica de olhos Benchimol. Unidades em Copacobana Zona Sul e Campo Grande RJ.,"index, follow, max-image-preview:large, max-snippet:-1, max-video-preview:-1",https://clinicadeolhosbenchimol.com.br/wp-content/uploads/2023/02/Nina-IMG_6661a.webp,0,Dra. Nina Benchimol
https://clinicadeolhosbenchimol.com.br/dra-veronica-benchimol/,https://clinicadeolhosbenchimol.com.br/dra-veronica-benchimol/,200,Dra. Veronica Benchimol - Clínica de Olhos Benchimol,https://clinicadeolhosbenchimol.com.br/dra-veronica-benchimol/,​Conheça a Dra. Veronica Benchimol: especialista dedicada ao seu bem-estar visual. Agende sua consulta na Clínica de Olhos Benchimol!,"index, follow, max-image-preview:large, max-snippet:-1, max-video-preview:-1",https://clinicadeolhosbenchimol.com.br/wp-content/uploads/2025/09/veronica-1.webp,0,Dra. Veronica Benchimol
https://clinicadeolhosbenchimol.com.br/e-ai-doutor-vou-sentir-dor/,https://clinicadeolhosbenchimol.com.br/e-ai-doutor-vou-sentir-dor/,200,"E aí doutor, vou sentir dor? - Clínica de Olhos Benchimol",https://clinicadeolhosbenchimol.com.br/e-ai-doutor-vou-sentir-dor/,,"index, follow, max-image-preview:large, max-snippet:-1, max-video-preview:-1",https://clinicadeolhosbenchimol.com.br/wp-content/uploads/2019/07/blog02-junho-2019.webp,1,"E aí doutor, vou sentir dor?"
https://clinicadeolhosbenchimol.com.br/equipamentos/,https://clinicadeolhosbenchimol.com.br/equipamentos/,200,Equipamentos - Clínica de Olhos Benchimol,https://clinicadeolhosbenchimol.com.br/equipamentos/,"Clínica de oftalmologia em Copacabana Zona Sul RJ. Equipamentos tecnológicos e novos para exames, avaliações, tratamentos e cirurgias. Ligue!","index, follow, max-image-preview:large, max-snippet:-1, max-video-preview:-1",https://clinicadeolhosbenchimol.com.br/wp-content/uploads/2023/02/Auto-Refrator.webp,0,Equipamentos
https://clinicadeolhosbenchimol.com.br/equipe/,https://clinicadeolhosbenchimol.com.br/equipe/,200,Equipe - Clínica de Olhos Benchimol,https://clinicadeolhosbenchimol.com.br/equipe/,​Conheça a equipe da Clínica de Olhos Benchimol: experiência que promve o melhor cuidado para a sua visão. Agende sua consulta!,"index, follow, max-image-preview:large, max-snippet:-1, max-video-preview:-1",https://clinicadeolhosbenchimol.com.br/wp-content/uploads/2025/09/sergio-benchimol-1.webp,0,Equipe
https://clinicadeolhosbenchimol.com.br/especialidades/,https://clinicadeolhosbenchimol.com.br/especialidades/,200,Especialidades - Clínica de Olhos Benchimol,https://clinicadeolhosbenchimol.com.br/especialidades/,"Clínica de oftalmologia em Copacabana Zona Sul RJ. Equipamentos tecnológicos e novos para exames, avaliações, tratamentos e cirurgias. Ligue!","index, follow, max-image-preview:large, max-snippet:-1, max-video-preview:-1",https://clinicadeolhosbenchimol.com.br/wp-content/uploads/2023/02/0715b5_394291413b37499c943b042b340d02ad_mv2_d_4025_2712_s_4_2.webp,0,Especialidades
https://clinicadeolhosbenchimol.com.br/estrabismo-causas-sintomas-tratamentos/,https://clinicadeolhosbenchimol.com.br/estrabismo-causas-sintomas-tratamentos/,200,"Estrabismo: o que é, causas, sintomas e tratamentos",https://clinicadeolhosbenchimol.com.br/estrabismo-causas-sintomas-tratamentos/,"Descubra tudo sobre o estrabismo, suas causas, sintomas e as mais eficazes opções de tratamento. Entenda como a Clínica de Olhos Benchimol pode ajudar você a enxergar o mundo com clareza novamente.","index, follow, max-image-preview:large, max-snippet:-1, max-video-preview:-1",https://clinicadeolhosbenchimol.com.br/wp-content/uploads/2024/05/Estrabismo-causas-sintomas-tratamentos-scaled.jpg,1,"Estrabismo: o que é, causas, sintomas e tratamentos"
https://clinicadeolhosbenchimol.com.br/estresse-oxidativo-pode-comprometer-a-visao/,https://clinicadeolhosbenchimol.com.br/estresse-oxidativo-pode-comprometer-a-visao/,200,Estresse Oxidativo pode comprometer a visão - Clínica de Olhos Benchimol,https://clinicadeolhosbenchimol.com.br/estresse-oxidativo-pode-comprometer-a-visao/,,"index, follow, max-image-preview:large, max-snippet:-1, max-video-preview:-1",https://clinicadeolhosbenchimol.com.br/wp-content/uploads/2020/12/blog-dezembro-2020-01.webp,1,Estresse Oxidativo pode comprometer a visão
https://clinicadeolhosbenchimol.com.br/estresse-pode-aumentar-risco-de-glaucoma/,https://clinicadeolhosbenchimol.com.br/estresse-pode-aumentar-risco-de-glaucoma/,200,Estresse pode aumentar risco de glaucoma - Clínica de Olhos Benchimol,https://clinicadeolhosbenchimol.com.br/estresse-pode-aumentar-risco-de-glaucoma/,,"index, follow, max-image-preview:large, max-snippet:-1, max-video-preview:-1",https://clinicadeolhosbenchimol.com.br/wp-content/uploads/2020/07/blog-julho-2020-06.webp,1,Estresse pode aumentar risco de glaucoma
https://clinicadeolhosbenchimol.com.br/estudo-aponta-que-cirurgia-de-catarata-pode-melhorar-o-glaucoma/,https://clinicadeolhosbenchimol.com.br/estudo-aponta-que-cirurgia-de-catarata-pode-melhorar-o-glaucoma/,200,Estudo aponta que cirurgia de catarata pode melhorar o glaucoma - Clínica de Olhos Benchimol,https://clinicadeolhosbenchimol.com.br/estudo-aponta-que-cirurgia-de-catarata-pode-melhorar-o-glaucoma/,,"index, follow, max-image-preview:large, max-snippet:-1, max-video-preview:-1",https://clinicadeolhosbenchimol.com.br/wp-content/uploads/2019/07/blog01-julho-2019.webp,1,Estudo aponta que cirurgia de catarata pode melhorar o glaucoma
https://clinicadeolhosbenchimol.com.br/exames-e-procedimentos/,https://clinicadeolhosbenchimol.com.br/exames-e-procedimentos/,200,Exames e Procedimentos - Clínica de Olhos Benchimol,https://clinicadeolhosbenchimol.com.br/exames-e-procedimentos/,​Exames e procedimentos avançados para sua visão. Agende seu check-up ocular com a Clínica de Olhos Benchimol!,"index, follow, max-image-preview:large, max-snippet:-1, max-video-preview:-1",https://clinicadeolhosbenchimol.com.br/wp-content/uploads/2025/09/71238.jpg,0,Exames e Procedimentos
https://clinicadeolhosbenchimol.com.br/existe-um-oftalmologista-especialista-em-macula/,https://clinicadeolhosbenchimol.com.br/existe-um-oftalmologista-especialista-em-macula/,200,Existe um oftalmologista especialista em mácula? - Clínica de Olhos Benchimol,https://clinicadeolhosbenchimol.com.br/existe-um-oftalmologista-especialista-em-macula/,"Existe oftalmologista especialista em mácula? Saiba como é feito o cuidado dessa área da retina, essencial para diversas atividades.","index, follow, max-image-preview:large, max-snippet:-1, max-video-preview:-1",https://clinicadeolhosbenchimol.com.br/wp-content/uploads/2025/08/unnamed-5.jpg,1,Existe um oftalmologista especialista em mácula?
https://clinicadeolhosbenchimol.com.br/faq-perguntas-frequentes/,https://clinicadeolhosbenchimol.com.br/faq-perguntas-frequentes/,200,FAQ - Dúvidas Frequentes - Clínica de Olhos Benchimol,https://clinicadeolhosbenchimol.com.br/faq-perguntas-frequentes/,"​As respostas para as perguntas mais frequentes sobre consultas, cirurgias, convênios e tratamentos oculares. Acesse e esclareça!","index, follow, max-image-preview:large, max-snippet:-1, max-video-preview:-1",,0,FAQ – Dúvidas Frequentes
https://clinicadeolhosbenchimol.com.br/fique-atento-saiba-identificar-os-quatro-principais-sintomas-da-retinopatia-diabetica/,https://clinicadeolhosbenchimol.com.br/fique-atento-saiba-identificar-os-quatro-principais-sintomas-da-retinopatia-diabetica/,200,Fique atento: saiba identificar os quatro principais sintomas da Retinopatia Diabética - Clínica de Olhos Benchimol,https://clinicadeolhosbenchimol.com.br/fique-atento-saiba-identificar-os-quatro-principais-sintomas-da-retinopatia-diabetica/,,"index, follow, max-image-preview:large, max-snippet:-1, max-video-preview:-1",https://clinicadeolhosbenchimol.com.br/wp-content/uploads/2019/06/blog01-junho-2019.webp,1,Fique atento: saiba identificar os quatro principais sintomas da Retinopatia Diabética
https://clinicadeolhosbenchimol.com.br/fotofobia/,https://clinicadeolhosbenchimol.com.br/fotofobia/,200,Fotofobia - Clínica de Olhos Benchimol,https://clinicadeolhosbenchimol.com.br/fotofobia/,,"index, follow, max-image-preview:large, max-snippet:-1, max-video-preview:-1",https://clinicadeolhosbenchimol.com.br/wp-content/uploads/2020/08/blog-agosto-2020-07.webp,1,Fotofobia
https://clinicadeolhosbenchimol.com.br/glaucoma,https://clinicadeolhosbenchimol.com.br/glaucoma/,200,Glaucoma - Clínica de Olhos Benchimol,https://clinicadeolhosbenchimol.com.br/glaucoma/,,"index, follow, max-image-preview:large, max-snippet:-1, max-video-preview:-1",https://clinicadeolhosbenchimol.com.br/wp-content/uploads/2025/08/2149457638.jpg,0,Glaucoma
https://clinicadeolhosbenchimol.com.br/glaucoma-congenito-o-que-e-e-por-que-o-diagnostico-precoce-e-fundamental/,https://clinicadeolhosbenchimol.com.br/glaucoma-congenito-o-que-e-e-por-que-o-diagnostico-precoce-e-fundamental/,200,Glaucoma congênito: o que é e por que o diagnóstico precoce é fundamental - Clínica de Olhos Benchimol,https://clinicadeolhosbenchimol.com.br/glaucoma-congenito-o-que-e-e-por-que-o-diagnostico-precoce-e-fundamental/,,"index, follow, max-image-preview:large, max-snippet:-1, max-video-preview:-1",https://clinicadeolhosbenchimol.com.br/wp-content/uploads/2023/07/blog-julho-2023.webp,1,Glaucoma congênito: o que é e por que o diagnóstico precoce é fundamental
https://clinicadeolhosbenchimol.com.br/glaucoma-de-angulo-aberto-o-que-saber/,https://clinicadeolhosbenchimol.com.br/glaucoma-de-angulo-aberto-o-que-saber/,200,Glaucoma de Ângulo Aberto: o que saber? - Clínica de Olhos Benchimol,https://clinicadeolhosbenchimol.com.br/glaucoma-de-angulo-aberto-o-que-saber/,,"index, follow, max-image-preview:large, max-snippet:-1, max-video-preview:-1",https://clinicadeolhosbenchimol.com.br/wp-content/uploads/2021/02/blog-fevereiro-2021-03.webp,1,Glaucoma de Ângulo Aberto: o que saber?
https://clinicadeolhosbenchimol.com.br/glaucoma-e-catarata-quais-as-diferencas-entre-eles/,https://clinicadeolhosbenchimol.com.br/glaucoma-e-catarata-quais-as-diferencas-entre-eles/,200,Glaucoma e catarata: quais as diferenças entre eles? - Clínica de Olhos Benchimol,https://clinicadeolhosbenchimol.com.br/glaucoma-e-catarata-quais-as-diferencas-entre-eles/,,"index, follow, max-image-preview:large, max-snippet:-1, max-video-preview:-1",https://clinicadeolhosbenchimol.com.br/wp-content/uploads/2023/04/blog-maio-2023.webp,1,Glaucoma e catarata: quais as diferenças entre eles?
https://clinicadeolhosbenchimol.com.br/glaucoma-e-hereditario/,https://clinicadeolhosbenchimol.com.br/glaucoma-e-hereditario/,200,Glaucoma é hereditário? - Clínica de Olhos Benchimol,https://clinicadeolhosbenchimol.com.br/glaucoma-e-hereditario/,,"index, follow, max-image-preview:large, max-snippet:-1, max-video-preview:-1",https://clinicadeolhosbenchimol.com.br/wp-content/uploads/2024/03/blog03-outubro-2018.jpg,1,Glaucoma é hereditário?
https://clinicadeolhosbenchimol.com.br/glaucoma-prevencao-e-diagnostico-precoce-no-maio-verde/,https://clinicadeolhosbenchimol.com.br/glaucoma-prevencao-e-diagnostico-precoce-no-maio-verde/,200,Glaucoma: prevenção e diagnóstico precoce no Maio Verde - Clínica de Olhos Benchimol,https://clinicadeolhosbenchimol.com.br/glaucoma-prevencao-e-diagnostico-precoce-no-maio-verde/,Campanha Maio verde: entenda melhor qual a importância da prevenção e do diagnóstico precoce do glaucoma.,"index, follow, max-image-preview:large, max-snippet:-1, max-video-preview:-1",https://clinicadeolhosbenchimol.com.br/wp-content/uploads/2025/05/Glaucoma_Maio-Verde.jpg,1,Glaucoma: prevenção e diagnóstico precoce no Maio Verde
https://clinicadeolhosbenchimol.com.br/glaucoma/,https://clinicadeolhosbenchimol.com.br/glaucoma/,200,Glaucoma - Clínica de Olhos Benchimol,https://clinicadeolhosbenchimol.com.br/glaucoma/,,"index, follow, max-image-preview:large, max-snippet:-1, max-video-preview:-1",https://clinicadeolhosbenchimol.com.br/wp-content/uploads/2025/08/2149457638.jpg,0,Glaucoma
https://clinicadeolhosbenchimol.com.br/hipermetropia-2/,https://clinicadeolhosbenchimol.com.br/hipermetropia-2/,200,Hipermetropia - Clínica de Olhos Benchimol,https://clinicadeolhosbenchimol.com.br/hipermetropia-2/,,"index, follow, max-image-preview:large, max-snippet:-1, max-video-preview:-1",https://clinicadeolhosbenchimol.com.br/wp-content/uploads/2020/08/blog-agosto-2020-05.webp,1,Hipermetropia
https://clinicadeolhosbenchimol.com.br/hipermetropia/,https://clinicadeolhosbenchimol.com.br/hipermetropia/,200,Hipermetropia - Clínica de Olhos Benchimol,https://clinicadeolhosbenchimol.com.br/hipermetropia/,,"index, follow, max-image-preview:large, max-snippet:-1, max-video-preview:-1",https://clinicadeolhosbenchimol.com.br/wp-content/uploads/2022/03/bloghipermetropia.jpg,1,Hipermetropia
https://clinicadeolhosbenchimol.com.br/hipertensao-um-risco-para-sua-visao/,https://clinicadeolhosbenchimol.com.br/hipertensao-um-risco-para-sua-visao/,200,Hipertensão: um risco para sua visão - Clínica de Olhos Benchimol,https://clinicadeolhosbenchimol.com.br/hipertensao-um-risco-para-sua-visao/,,"index, follow, max-image-preview:large, max-snippet:-1, max-video-preview:-1",https://clinicadeolhosbenchimol.com.br/wp-content/uploads/2020/08/blog-agosto-2020-08.webp,1,Hipertensão: um risco para sua visão
https://clinicadeolhosbenchimol.com.br/infeccao-ocular-o-que-o-caso-do-ator-de-game-of-thrones-pode-nos-ensinar-sobre-isso-e-como-evitar/,https://clinicadeolhosbenchimol.com.br/infeccao-ocular-o-que-o-caso-do-ator-de-game-of-thrones-pode-nos-ensinar-sobre-isso-e-como-evitar/,200,Infecção ocular: o que o caso do ator de Game of Thrones pode nos ensinar sobre isso e como evitar - Clínica de Olhos Benchimol,https://clinicadeolhosbenchimol.com.br/infeccao-ocular-o-que-o-caso-do-ator-de-game-of-thrones-pode-nos-ensinar-sobre-isso-e-como-evitar/,,"index, follow, max-image-preview:large, max-snippet:-1, max-video-preview:-1",https://clinicadeolhosbenchimol.com.br/wp-content/uploads/2023/06/blog-junho-2023.webp,1,Infecção ocular: o que o caso do ator de Game of Thrones pode nos ensinar sobre isso e como evitar
https://clinicadeolhosbenchimol.com.br/injecoes-intravitreas-a-tecnica-revolucionaria-para-o-tratamento-de-dmri-e-retinopatia-diabetica/,https://clinicadeolhosbenchimol.com.br/injecoes-intravitreas-a-tecnica-revolucionaria-para-o-tratamento-de-dmri-e-retinopatia-diabetica/,200,Injeções intravítreas: a técnica revolucionária para o tratamento de DMRI e retinopatia diabética - Clínica de Olhos Benchimol,https://clinicadeolhosbenchimol.com.br/injecoes-intravitreas-a-tecnica-revolucionaria-para-o-tratamento-de-dmri-e-retinopatia-diabetica/,,"index, follow, max-image-preview:large, max-snippet:-1, max-video-preview:-1",https://clinicadeolhosbenchimol.com.br/wp-content/uploads/2024/03/blog-maico-2019.webp,1,Injeções intravítreas: a técnica revolucionária para o tratamento de DMRI e retinopatia diabética
https://clinicadeolhosbenchimol.com.br/insonia-e-saude-ocular/,https://clinicadeolhosbenchimol.com.br/insonia-e-saude-ocular/,200,Insônia e Saúde Ocular - Clínica de Olhos Benchimol,https://clinicadeolhosbenchimol.com.br/insonia-e-saude-ocular/,,"index, follow, max-image-preview:large, max-snippet:-1, max-video-preview:-1",https://clinicadeolhosbenchimol.com.br/wp-content/uploads/2020/10/blog-outubro-2020-04.webp,1,Insônia e Saúde Ocular
https://clinicadeolhosbenchimol.com.br/instalacoes/,https://clinicadeolhosbenchimol.com.br/instalacoes/,200,Instalações - Clínica de Olhos Benchimol,https://clinicadeolhosbenchimol.com.br/instalacoes/,"Clínica de oftalmologia c/ unidades em Copacabana Zona Sul e Campo Grande RJ. Exames, avaliações, tratamentos e cirurgias. Ligue!","index, follow, max-image-preview:large, max-snippet:-1, max-video-preview:-1",https://clinicadeolhosbenchimol.com.br/wp-content/uploads/2022/12/blog001.webp,0,Instalações
https://clinicadeolhosbenchimol.com.br/insternacional/,https://clinicadeolhosbenchimol.com.br/insternacional/,200,Internacional - Clínica de Olhos Benchimol,https://clinicadeolhosbenchimol.com.br/insternacional/,"Clínica de oftalmologia em Copacabana Zona Sul RJ. Equipamentos tecnológicos e novos para exames, avaliações, tratamentos e cirurgias. Ligue!","index, follow, max-image-preview:large, max-snippet:-1, max-video-preview:-1",https://clinicadeolhosbenchimol.com.br/wp-content/uploads/2022/12/blog001.webp,0,Internacional
https://clinicadeolhosbenchimol.com.br/junho-violeta-por-que-prevenir-o-ceratocone/,https://clinicadeolhosbenchimol.com.br/junho-violeta-por-que-prevenir-o-ceratocone/,200,Junho Violeta: por que prevenir o ceratocone é tão importante?,https://clinicadeolhosbenchimol.com.br/junho-violeta-por-que-prevenir-o-ceratocone/,O mês de junho marca uma campanha de extrema relevância para a saúde ocular:  Junho Violeta. Criada para conscientizar sobre doenças da córnea,"index, follow, max-image-preview:large, max-snippet:-1, max-video-preview:-1",https://clinicadeolhosbenchimol.com.br/wp-content/uploads/2025/07/junho-violeta.jpg,1,Junho Violeta: por que prevenir o ceratocone é tão importante?
https://clinicadeolhosbenchimol.com.br/lentes-de-contato-coloridas-o-que-pode-o-que-nao-pode/,https://clinicadeolhosbenchimol.com.br/lentes-de-contato-coloridas-o-que-pode-o-que-nao-pode/,200,"Lentes de contato coloridas: o que pode, o que não pode. - Clínica de Olhos Benchimol",https://clinicadeolhosbenchimol.com.br/lentes-de-contato-coloridas-o-que-pode-o-que-nao-pode/,,"index, follow, max-image-preview:large, max-snippet:-1, max-video-preview:-1",https://clinicadeolhosbenchimol.com.br/wp-content/uploads/2021/12/Bloglentesdecontatp.jpg,1,"Lentes de contato coloridas: o que pode, o que não pode."
https://clinicadeolhosbenchimol.com.br/lentes-intraoculares-uma-nova-tendencia-para-corrigir-problemas-da-visao/,https://clinicadeolhosbenchimol.com.br/lentes-intraoculares-uma-nova-tendencia-para-corrigir-problemas-da-visao/,200,Lentes intraoculares: uma nova tendência para corrigir problemas da visão - Clínica de Olhos Benchimol,https://clinicadeolhosbenchimol.com.br/lentes-intraoculares-uma-nova-tendencia-para-corrigir-problemas-da-visao/,,"index, follow, max-image-preview:large, max-snippet:-1, max-video-preview:-1",https://clinicadeolhosbenchimol.com.br/wp-content/uploads/2024/03/blog03-abril-2019.jpg,1,Lentes intraoculares: uma nova tendência para corrigir problemas da visão
https://clinicadeolhosbenchimol.com.br/maioria-dos-diabeticos-temem-perda-da-visao/,https://clinicadeolhosbenchimol.com.br/maioria-dos-diabeticos-temem-perda-da-visao/,200,Maioria dos diabéticos temem perda da visão - Clínica de Olhos Benchimol,https://clinicadeolhosbenchimol.com.br/maioria-dos-diabeticos-temem-perda-da-visao/,,"index, follow, max-image-preview:large, max-snippet:-1, max-video-preview:-1",https://clinicadeolhosbenchimol.com.br/wp-content/uploads/2020/11/blog-novembro-2020-03.webp,1,Maioria dos diabéticos temem perda da visão
https://clinicadeolhosbenchimol.com.br/mais-um-motivo-para-combater-a-obesidade-a-sua-saude-ocular/,https://clinicadeolhosbenchimol.com.br/mais-um-motivo-para-combater-a-obesidade-a-sua-saude-ocular/,200,Mais um motivo para combater a obesidade: a sua saúde ocular - Clínica de Olhos Benchimol,https://clinicadeolhosbenchimol.com.br/mais-um-motivo-para-combater-a-obesidade-a-sua-saude-ocular/,,"index, follow, max-image-preview:large, max-snippet:-1, max-video-preview:-1",https://clinicadeolhosbenchimol.com.br/wp-content/uploads/2022/10/glog003.png,1,Mais um motivo para combater a obesidade: a sua saúde ocular
https://clinicadeolhosbenchimol.com.br/mapeamento-de-retina-exame-ocular-que-pode-detectar-doencas-no-corpo/,https://clinicadeolhosbenchimol.com.br/mapeamento-de-retina-exame-ocular-que-pode-detectar-doencas-no-corpo/,200,Mapeamento de retina: exame ocular que pode detectar doenças no corpo - Clínica de Olhos Benchimol,https://clinicadeolhosbenchimol.com.br/mapeamento-de-retina-exame-ocular-que-pode-detectar-doencas-no-corpo/,,"index, follow, max-image-preview:large, max-snippet:-1, max-video-preview:-1",https://clinicadeolhosbenchimol.com.br/wp-content/uploads/2020/12/blog-dezembro-2020-03.webp,1,Mapeamento de retina: exame ocular que pode detectar doenças no corpo
https://clinicadeolhosbenchimol.com.br/maquiagem-seguranca-e-cuidados/,https://clinicadeolhosbenchimol.com.br/maquiagem-seguranca-e-cuidados/,200,Maquiagem: Segurança e Cuidados - Clínica de Olhos Benchimol,https://clinicadeolhosbenchimol.com.br/maquiagem-seguranca-e-cuidados/,,"index, follow, max-image-preview:large, max-snippet:-1, max-video-preview:-1",https://clinicadeolhosbenchimol.com.br/wp-content/uploads/2020/01/blog-janeiro-2020-03.webp,1,Maquiagem: Segurança e Cuidados
https://clinicadeolhosbenchimol.com.br/melanose-primaria/,https://clinicadeolhosbenchimol.com.br/melanose-primaria/,200,Melanose Primária - Clínica de Olhos Benchimol,https://clinicadeolhosbenchimol.com.br/melanose-primaria/,,"index, follow, max-image-preview:large, max-snippet:-1, max-video-preview:-1",https://clinicadeolhosbenchimol.com.br/wp-content/uploads/2020/11/blog-outubro-2020-08.webp,1,Melanose Primária
https://clinicadeolhosbenchimol.com.br/miopia/,https://clinicadeolhosbenchimol.com.br/miopia/,200,Miopia - Clínica de Olhos Benchimol,https://clinicadeolhosbenchimol.com.br/miopia/,,"index, follow, max-image-preview:large, max-snippet:-1, max-video-preview:-1",https://clinicadeolhosbenchimol.com.br/wp-content/uploads/2020/08/blog-agosto-2020-04.webp,1,Miopia
https://clinicadeolhosbenchimol.com.br/mitos-e-verdades-sobre-olhos-claros-entenda-os-cuidados-necessarios-para-manter-a-saude-ocular-2/,https://clinicadeolhosbenchimol.com.br/mitos-e-verdades-sobre-olhos-claros-entenda-os-cuidados-necessarios-para-manter-a-saude-ocular-2/,200,Mitos e verdades sobre olhos claros: entenda os cuidados necessários para manter a saúde ocular. - Clínica de Olhos Benchimol,https://clinicadeolhosbenchimol.com.br/mitos-e-verdades-sobre-olhos-claros-entenda-os-cuidados-necessarios-para-manter-a-saude-ocular-2/,,"index, follow, max-image-preview:large, max-snippet:-1, max-video-preview:-1",https://clinicadeolhosbenchimol.com.br/wp-content/uploads/2024/01/blog-janeiro-2024.webp,1,Mitos e verdades sobre olhos claros: entenda os cuidados necessários para manter a saúde ocular.
https://clinicadeolhosbenchimol.com.br/moscas-volantes-sintoma-comum-ou-alerta-de-perigo/,https://clinicadeolhosbenchimol.com.br/moscas-volantes-sintoma-comum-ou-alerta-de-perigo/,200,Moscas volantes: sintoma comum ou alerta de perigo? - Clínica de Olhos Benchimol,https://clinicadeolhosbenchimol.com.br/moscas-volantes-sintoma-comum-ou-alerta-de-perigo/,"Entenda o que são as moscas volantes, quando elas indicam risco e como proteger sua visão. Leia mais no nosso blog!","index, follow, max-image-preview:large, max-snippet:-1, max-video-preview:-1",https://clinicadeolhosbenchimol.com.br/wp-content/uploads/2025/12/unnamed.png,1,Moscas volantes: sintoma comum ou alerta de perigo?
https://clinicadeolhosbenchimol.com.br/mulheres-e-dmri-qual-e-a-relacao-apos-os-60-anos/,https://clinicadeolhosbenchimol.com.br/mulheres-e-dmri-qual-e-a-relacao-apos-os-60-anos/,200,Mulheres e DMRI: qual é a relação após os 60 anos? - Clínica de Olhos Benchimol,https://clinicadeolhosbenchimol.com.br/mulheres-e-dmri-qual-e-a-relacao-apos-os-60-anos/,Descubra por que mulheres acima de 60 anos têm maior risco de desenvolver DMRI e saiba como identificar sintomas e cuidar da saúde ocular.,"index, follow, max-image-preview:large, max-snippet:-1, max-video-preview:-1",https://clinicadeolhosbenchimol.com.br/wp-content/uploads/2025/03/senior-woman-glasses-rubs-her-eyes-suffering-from-tired-eyes-ocular-diseases-concept.jpg,1,Mulheres e DMRI: qual é a relação após os 60 anos?
https://clinicadeolhosbenchimol.com.br/mulheres-podem-ser-daltonicas-como-um-daltonico-enxerga-e-outras-duvidas-frequentes-sobre-essa-doenca/,https://clinicadeolhosbenchimol.com.br/mulheres-podem-ser-daltonicas-como-um-daltonico-enxerga-e-outras-duvidas-frequentes-sobre-essa-doenca/,200,"“Mulheres podem ser daltônicas?”, “Como um daltônico enxerga?” e outras dúvidas frequentes sobre essa deficiência ocular - Clínica de Olhos Benchimol",https://clinicadeolhosbenchimol.com.br/mulheres-podem-ser-daltonicas-como-um-daltonico-enxerga-e-outras-duvidas-frequentes-sobre-essa-doenca/,,"index, follow, max-image-preview:large, max-snippet:-1, max-video-preview:-1",https://clinicadeolhosbenchimol.com.br/wp-content/uploads/2021/02/blog-fevereiro-2021-05.webp,1,"“Mulheres podem ser daltônicas?”, “Como um daltônico enxerga?” e outras dúvidas frequentes sobre essa deficiência ocular"
https://clinicadeolhosbenchimol.com.br/novo-estudo-indica-que-cirurgia-de-catarata-e-aparelhos-auditivos-podem-prevenir-a-demencia/,https://clinicadeolhosbenchimol.com.br/novo-estudo-indica-que-cirurgia-de-catarata-e-aparelhos-auditivos-podem-prevenir-a-demencia/,200,Novo estudo indica que cirurgia de catarata e aparelhos auditivos podem prevenir a demência - Clínica de Olhos Benchimol,https://clinicadeolhosbenchimol.com.br/novo-estudo-indica-que-cirurgia-de-catarata-e-aparelhos-auditivos-podem-prevenir-a-demencia/,,"index, follow, max-image-preview:large, max-snippet:-1, max-video-preview:-1",https://clinicadeolhosbenchimol.com.br/wp-content/uploads/2024/03/blog07-julho-2019.webp,1,Novo estudo indica que cirurgia de catarata e aparelhos auditivos podem prevenir a demência
https://clinicadeolhosbenchimol.com.br/o-que-e-glaucoma-sintomas-causas-tipos-e-tratamento/,https://clinicadeolhosbenchimol.com.br/o-que-e-glaucoma-sintomas-causas-tipos-e-tratamento/,200,"O que é Glaucoma: Sintomas, Causas, Tipos e Tratamento - Clínica de Olhos Benchimol",https://clinicadeolhosbenchimol.com.br/o-que-e-glaucoma-sintomas-causas-tipos-e-tratamento/,"Entenda o que é Glaucoma: Quais sintomas, as causas, os tipos, tratamentos e a importância na qualidade de vida","index, follow, max-image-preview:large, max-snippet:-1, max-video-preview:-1",https://clinicadeolhosbenchimol.com.br/wp-content/uploads/2024/11/WhatsApp-Image-2024-11-13-at-14.44.19.jpeg,1,"O que é Glaucoma: Sintomas, Causas, Tipos e Tratamento"
https://clinicadeolhosbenchimol.com.br/o-que-e-o-mapeamento-da-retina-e-quando-esse-exame-oftalmologico-e-indicado/,https://clinicadeolhosbenchimol.com.br/o-que-e-o-mapeamento-da-retina-e-quando-esse-exame-oftalmologico-e-indicado/,200,Exame oftalmológico para a retina – Clínica de Olhos Benchimol,https://clinicadeolhosbenchimol.com.br/o-que-e-o-mapeamento-da-retina-e-quando-esse-exame-oftalmologico-e-indicado/,Mapeamento da retina: a importância desse exame oftalmológico e quando realizar. Saiba mais no nosso artigo.,"index, follow, max-image-preview:large, max-snippet:-1, max-video-preview:-1",https://clinicadeolhosbenchimol.com.br/wp-content/uploads/2026/01/unnamed-19.jpg,1,O que é o mapeamento da retina e quando esse exame oftalmológico é indicado?
https://clinicadeolhosbenchimol.com.br/o-que-sao-moscas-volantes-na-visao/,https://clinicadeolhosbenchimol.com.br/o-que-sao-moscas-volantes-na-visao/,200,O que são moscas volantes na visão? - Clínica de Olhos Benchimol,https://clinicadeolhosbenchimol.com.br/o-que-sao-moscas-volantes-na-visao/,,"index, follow, max-image-preview:large, max-snippet:-1, max-video-preview:-1",https://clinicadeolhosbenchimol.com.br/wp-content/uploads/2020/08/blog-agosto-2020.webp,1,O que são moscas volantes na visão?
https://clinicadeolhosbenchimol.com.br/oct-e-antiangiogenicos-o-equipamento-e-o-medicamento-que-atuam-no-combate-a-retinopatia-diabetica/,https://clinicadeolhosbenchimol.com.br/oct-e-antiangiogenicos-o-equipamento-e-o-medicamento-que-atuam-no-combate-a-retinopatia-diabetica/,200,OCT e antiangiogênicos: o equipamento e o medicamento que atuam no combate à retinopatia diabética - Clínica de Olhos Benchimol,https://clinicadeolhosbenchimol.com.br/oct-e-antiangiogenicos-o-equipamento-e-o-medicamento-que-atuam-no-combate-a-retinopatia-diabetica/,,"index, follow, max-image-preview:large, max-snippet:-1, max-video-preview:-1",https://clinicadeolhosbenchimol.com.br/wp-content/uploads/2024/05/blog02-maio-2019.webp,1,OCT e antiangiogênicos: o equipamento e o medicamento que atuam no combate à retinopatia diabética
https://clinicadeolhosbenchimol.com.br/oculos-escuros-como-escolher-os-seus-e-outras-duvidas-frequentes/,https://clinicadeolhosbenchimol.com.br/oculos-escuros-como-escolher-os-seus-e-outras-duvidas-frequentes/,200,Óculos escuros: como escolher os seus e outras dúvidas frequentes - Clínica de Olhos Benchimol,https://clinicadeolhosbenchimol.com.br/oculos-escuros-como-escolher-os-seus-e-outras-duvidas-frequentes/,,"index, follow, max-image-preview:large, max-snippet:-1, max-video-preview:-1",https://clinicadeolhosbenchimol.com.br/wp-content/uploads/2022/07/oculosexculos.jpg,1,Óculos escuros: como escolher os seus e outras dúvidas frequentes
https://clinicadeolhosbenchimol.com.br/olho-seco,https://clinicadeolhosbenchimol.com.br/olho-seco/,200,Olho Seco - Clínica de Olhos Benchimol,https://clinicadeolhosbenchimol.com.br/olho-seco/,,"index, follow, max-image-preview:large, max-snippet:-1, max-video-preview:-1",https://clinicadeolhosbenchimol.com.br/wp-content/uploads/2025/08/2147953528.jpg,0,Olho Seco
https://clinicadeolhosbenchimol.com.br/olho-seco-na-menopausa-ha-influencia/,https://clinicadeolhosbenchimol.com.br/olho-seco-na-menopausa-ha-influencia/,200,Olho Seco na Menopausa: Há influência? - Clínica de Olhos Benchimol,https://clinicadeolhosbenchimol.com.br/olho-seco-na-menopausa-ha-influencia/,Entenda por que a saúde ocular merece atenção na menopausa. Saiba como lidar com o olho seco e quando buscar avaliação oftalmológica,"index, follow, max-image-preview:large, max-snippet:-1, max-video-preview:-1",https://clinicadeolhosbenchimol.com.br/wp-content/uploads/2025/03/medium-shot-woman-sitting-desk.jpg,1,Olho Seco na Menopausa: Há influência?
https://clinicadeolhosbenchimol.com.br/olho-seco-no-inverno-causas-sintomas-e-como-tratar/,https://clinicadeolhosbenchimol.com.br/olho-seco-no-inverno-causas-sintomas-e-como-tratar/,200,"Olho seco no inverno: causas, sintomas e como tratar - Clínica de Olhos Benchimol",https://clinicadeolhosbenchimol.com.br/olho-seco-no-inverno-causas-sintomas-e-como-tratar/,"O olho seco no inverno é uma condição comum, porém muitas vezes negligenciada. Ignorar os sinais pode trazer desconfortos intensos, confira!","index, follow, max-image-preview:large, max-snippet:-1, max-video-preview:-1",https://clinicadeolhosbenchimol.com.br/wp-content/uploads/2025/07/Olho-seco-no-inverno.jpg,1,"Olho seco no inverno: causas, sintomas e como tratar"
https://clinicadeolhosbenchimol.com.br/olho-seco-sintomas-causas-e-tratamento/,https://clinicadeolhosbenchimol.com.br/olho-seco-sintomas-causas-e-tratamento/,200,"Olho Seco: sintomas, causas e tratamento - Clínica de Olhos Benchimol",https://clinicadeolhosbenchimol.com.br/olho-seco-sintomas-causas-e-tratamento/,,"index, follow, max-image-preview:large, max-snippet:-1, max-video-preview:-1",https://clinicadeolhosbenchimol.com.br/wp-content/uploads/2024/03/blog-abril-2019.webp,1,"Olho Seco: sintomas, causas e tratamento"
https://clinicadeolhosbenchimol.com.br/olho-seco/,https://clinicadeolhosbenchimol.com.br/olho-seco/,200,Olho Seco - Clínica de Olhos Benchimol,https://clinicadeolhosbenchimol.com.br/olho-seco/,,"index, follow, max-image-preview:large, max-snippet:-1, max-video-preview:-1",https://clinicadeolhosbenchimol.com.br/wp-content/uploads/2025/08/2147953528.jpg,0,Olho Seco
https://clinicadeolhosbenchimol.com.br/olhos-ressecados/,https://clinicadeolhosbenchimol.com.br/olhos-ressecados/,200,Olhos Ressecados - Clínica de Olhos Benchimol,https://clinicadeolhosbenchimol.com.br/olhos-ressecados/,,"index, follow, max-image-preview:large, max-snippet:-1, max-video-preview:-1",https://clinicadeolhosbenchimol.com.br/wp-content/uploads/2020/10/blog-outubro-2020-07.webp,1,Olhos Ressecados
https://clinicadeolhosbenchimol.com.br/olhos-vermelhos-o-que-pode-ser/,https://clinicadeolhosbenchimol.com.br/olhos-vermelhos-o-que-pode-ser/,200,Olhos vermelhos: o que pode ser? - Clínica de Olhos Benchimol,https://clinicadeolhosbenchimol.com.br/olhos-vermelhos-o-que-pode-ser/,,"index, follow, max-image-preview:large, max-snippet:-1, max-video-preview:-1",https://clinicadeolhosbenchimol.com.br/wp-content/uploads/2022/06/olhosvermelhos.jpg,1,Olhos vermelhos: o que pode ser?
https://clinicadeolhosbenchimol.com.br/os-5-principais-fatores-de-risco-da-degeneracao-macular-e-o-que-fazer-para-evita-los/,https://clinicadeolhosbenchimol.com.br/os-5-principais-fatores-de-risco-da-degeneracao-macular-e-o-que-fazer-para-evita-los/,200,Os 5 principais fatores de risco da degeneração macular e o que fazer para evitá-los - Clínica de Olhos Benchimol,https://clinicadeolhosbenchimol.com.br/os-5-principais-fatores-de-risco-da-degeneracao-macular-e-o-que-fazer-para-evita-los/,,"index, follow, max-image-preview:large, max-snippet:-1, max-video-preview:-1",https://clinicadeolhosbenchimol.com.br/wp-content/uploads/2019/07/blog06-julho-2019.webp,1,Os 5 principais fatores de risco da degeneração macular e o que fazer para evitá-los
https://clinicadeolhosbenchimol.com.br/os-marcos-de-decadas-da-clinica-de-olhos-benchimol/,https://clinicadeolhosbenchimol.com.br/os-marcos-de-decadas-da-clinica-de-olhos-benchimol/,200,Os Marcos de Décadas da Clínica de Olhos Benchimol - Clínica de Olhos Benchimol,https://clinicadeolhosbenchimol.com.br/os-marcos-de-decadas-da-clinica-de-olhos-benchimol/,Tradição e inovação: conheça a trajetória da Clínica de Olhos Benchimol e como décadas de vanguarda a moldaram como uma referência.,"index, follow, max-image-preview:large, max-snippet:-1, max-video-preview:-1",https://clinicadeolhosbenchimol.com.br/wp-content/uploads/2025/12/unnamed.jpg,1,Os Marcos de Décadas da Clínica de Olhos Benchimol
https://clinicadeolhosbenchimol.com.br/pgc_simply_gallery/copacabana-2/,https://clinicadeolhosbenchimol.com.br/pgc_simply_gallery/copacabana-2/,200,Campo Grande - Clínica de Olhos Benchimol,https://clinicadeolhosbenchimol.com.br/pgc_simply_gallery/copacabana-2/,,"index, follow, max-image-preview:large, max-snippet:-1, max-video-preview:-1",https://clinicadeolhosbenchimol.com.br/wp-content/uploads/2023/02/0715b5_ac308a843bf9407b9723e47d841492ea_mv2_d_4032_3024_s_4_2.webp,1,Campo Grande
https://clinicadeolhosbenchimol.com.br/pgc_simply_gallery/copacabana/,https://clinicadeolhosbenchimol.com.br/pgc_simply_gallery/copacabana/,200,Copacabana - Clínica de Olhos Benchimol,https://clinicadeolhosbenchimol.com.br/pgc_simply_gallery/copacabana/,,"index, follow, max-image-preview:large, max-snippet:-1, max-video-preview:-1",https://clinicadeolhosbenchimol.com.br/wp-content/uploads/2023/02/consultorio2.webp,1,Copacabana
https://clinicadeolhosbenchimol.com.br/por-que-a-acuidade-visual-pode-piorar-com-o-avanco-da-idade/,https://clinicadeolhosbenchimol.com.br/por-que-a-acuidade-visual-pode-piorar-com-o-avanco-da-idade/,200,Por que a acuidade visual pode piorar com o avanço da idade? - Clínica de Olhos Benchimol,https://clinicadeolhosbenchimol.com.br/por-que-a-acuidade-visual-pode-piorar-com-o-avanco-da-idade/,"Entenda por que a acuidade visual piora com a idade, os fatores de risco envolvidos e como cuidar da visão para manter mais qualidade de vida.","index, follow, max-image-preview:large, max-snippet:-1, max-video-preview:-1",https://clinicadeolhosbenchimol.com.br/wp-content/uploads/2025/10/unnamed-7.jpg,1,Por que a acuidade visual pode piorar com o avanço da idade?
https://clinicadeolhosbenchimol.com.br/por-que-o-olho-lacrimeja-quando-estamos-com-sono/,https://clinicadeolhosbenchimol.com.br/por-que-o-olho-lacrimeja-quando-estamos-com-sono/,200,Por que o olho lacrimeja quando estamos com sono? - Clínica de Olhos Benchimol,https://clinicadeolhosbenchimol.com.br/por-que-o-olho-lacrimeja-quando-estamos-com-sono/,,"index, follow, max-image-preview:large, max-snippet:-1, max-video-preview:-1",https://clinicadeolhosbenchimol.com.br/wp-content/uploads/2020/11/blog-novembro-2020-06.webp,1,Por que o olho lacrimeja quando estamos com sono?
https://clinicadeolhosbenchimol.com.br/por-que-piscamos-os-olhos-2/,https://clinicadeolhosbenchimol.com.br/por-que-piscamos-os-olhos-2/,200,Dia Mundial da Retina - Clínica de Olhos Benchimol,https://clinicadeolhosbenchimol.com.br/por-que-piscamos-os-olhos-2/,,"index, follow, max-image-preview:large, max-snippet:-1, max-video-preview:-1",https://clinicadeolhosbenchimol.com.br/wp-content/uploads/2020/09/blog-setembro-2020-06.webp,1,Dia Mundial da Retina
https://clinicadeolhosbenchimol.com.br/por-que-piscamos-os-olhos/,https://clinicadeolhosbenchimol.com.br/por-que-piscamos-os-olhos-2/,200,Dia Mundial da Retina - Clínica de Olhos Benchimol,https://clinicadeolhosbenchimol.com.br/por-que-piscamos-os-olhos-2/,,"index, follow, max-image-preview:large, max-snippet:-1, max-video-preview:-1",https://clinicadeolhosbenchimol.com.br/wp-content/uploads/2020/09/blog-setembro-2020-06.webp,1,Dia Mundial da Retina
https://clinicadeolhosbenchimol.com.br/por-que-sinto-tremor-nas-palpebras/,https://clinicadeolhosbenchimol.com.br/por-que-sinto-tremor-nas-palpebras/,200,Por que sinto tremor nas pálpebras? - Clínica de Olhos Benchimol,https://clinicadeolhosbenchimol.com.br/por-que-sinto-tremor-nas-palpebras/,,"index, follow, max-image-preview:large, max-snippet:-1, max-video-preview:-1",https://clinicadeolhosbenchimol.com.br/wp-content/uploads/2020/06/blog-junho-2020-03.webp,1,Por que sinto tremor nas pálpebras?
https://clinicadeolhosbenchimol.com.br/presbiopia/,https://clinicadeolhosbenchimol.com.br/presbiopia/,200,Presbiopia - Clínica de Olhos Benchimol,https://clinicadeolhosbenchimol.com.br/presbiopia/,,"index, follow, max-image-preview:large, max-snippet:-1, max-video-preview:-1",https://clinicadeolhosbenchimol.com.br/wp-content/uploads/2020/07/blog-julho-2020-05.webp,1,Presbiopia
https://clinicadeolhosbenchimol.com.br/principais-emergencias-ligadas-a-visao/,https://clinicadeolhosbenchimol.com.br/principais-emergencias-ligadas-a-visao/,200,Principais emergências ligadas à visão - Clínica de Olhos Benchimol,https://clinicadeolhosbenchimol.com.br/principais-emergencias-ligadas-a-visao/,,"index, follow, max-image-preview:large, max-snippet:-1, max-video-preview:-1",https://clinicadeolhosbenchimol.com.br/wp-content/uploads/2024/03/blog-outubro-2020-05.webp,1,Principais emergências ligadas à visão
https://clinicadeolhosbenchimol.com.br/pterigio-o-que-e-como-tratar-como-prevenir/,https://clinicadeolhosbenchimol.com.br/pterigio-o-que-e-como-tratar-como-prevenir/,200,"Pterígio: o que é, como tratar, como prevenir - Clínica de Olhos Benchimol",https://clinicadeolhosbenchimol.com.br/pterigio-o-que-e-como-tratar-como-prevenir/,,"index, follow, max-image-preview:large, max-snippet:-1, max-video-preview:-1",https://clinicadeolhosbenchimol.com.br/wp-content/uploads/2023/08/blog-agosto-2023.webp,1,"Pterígio: o que é, como tratar, como prevenir"
https://clinicadeolhosbenchimol.com.br/quais-as-consequencias-para-os-olhos-da-trend-de-passar-protetor-labial-nas-palpebras/,https://clinicadeolhosbenchimol.com.br/quais-as-consequencias-para-os-olhos-da-trend-de-passar-protetor-labial-nas-palpebras/,200,Quais as consequências para os olhos da trend de passar protetor labial nas pálpebras? - Clínica de Olhos Benchimol,https://clinicadeolhosbenchimol.com.br/quais-as-consequencias-para-os-olhos-da-trend-de-passar-protetor-labial-nas-palpebras/,,"index, follow, max-image-preview:large, max-snippet:-1, max-video-preview:-1",https://clinicadeolhosbenchimol.com.br/wp-content/uploads/2023/04/blog-abril-2023.webp,1,Quais as consequências para os olhos da trend de passar protetor labial nas pálpebras?
https://clinicadeolhosbenchimol.com.br/quais-diferencas-entre-miopia-hipermetropia-e-astigmatismo/,https://clinicadeolhosbenchimol.com.br/quais-diferencas-entre-miopia-hipermetropia-e-astigmatismo/,200,"Quais diferenças entre miopia, hipermetropia e astigmatismo? - Clínica de Olhos Benchimol",https://clinicadeolhosbenchimol.com.br/quais-diferencas-entre-miopia-hipermetropia-e-astigmatismo/,,"index, follow, max-image-preview:large, max-snippet:-1, max-video-preview:-1",https://clinicadeolhosbenchimol.com.br/wp-content/uploads/2024/03/blog-marco-01.jpg,1,"Quais diferenças entre miopia, hipermetropia e astigmatismo?"
https://clinicadeolhosbenchimol.com.br/qualidade-de-sono-e-saude-ocular/,https://clinicadeolhosbenchimol.com.br/qualidade-de-sono-e-saude-ocular/,200,Qualidade de sono e saúde ocular - Clínica de Olhos Benchimol,https://clinicadeolhosbenchimol.com.br/qualidade-de-sono-e-saude-ocular/,,"index, follow, max-image-preview:large, max-snippet:-1, max-video-preview:-1",https://clinicadeolhosbenchimol.com.br/wp-content/uploads/2022/05/blogsono.jpg,1,Qualidade de sono e saúde ocular
https://clinicadeolhosbenchimol.com.br/quando-devo-usar-oculos/,https://clinicadeolhosbenchimol.com.br/quando-devo-usar-oculos/,200,Quando devo usar óculos? - Clínica de Olhos Benchimol,https://clinicadeolhosbenchimol.com.br/quando-devo-usar-oculos/,"Descubra quando é necessário usar óculos, os sinais de problemas visuais, como escolher as lentes ideais e desvende mitos e verdades.","index, follow, max-image-preview:large, max-snippet:-1, max-video-preview:-1",https://clinicadeolhosbenchimol.com.br/wp-content/uploads/2025/01/image.jpg,1,Quando devo usar óculos?
https://clinicadeolhosbenchimol.com.br/quatro-doencas-oculares-mais-comuns-em-idosos/,https://clinicadeolhosbenchimol.com.br/quatro-doencas-oculares-mais-comuns-em-idosos/,200,Quatro doenças oculares mais comuns em idosos - Clínica de Olhos Benchimol,https://clinicadeolhosbenchimol.com.br/quatro-doencas-oculares-mais-comuns-em-idosos/,,"index, follow, max-image-preview:large, max-snippet:-1, max-video-preview:-1",https://clinicadeolhosbenchimol.com.br/wp-content/uploads/2020/12/blog-dezembro-2020-05.webp,1,Quatro doenças oculares mais comuns em idosos
https://clinicadeolhosbenchimol.com.br/relacionada-a-idade-ou-dmri/,https://clinicadeolhosbenchimol.com.br/relacionada-a-idade-ou-dmri/,200,Relacionada à Idade ou DMRI? - Clínica de Olhos Benchimol,https://clinicadeolhosbenchimol.com.br/relacionada-a-idade-ou-dmri/,,"index, follow, max-image-preview:large, max-snippet:-1, max-video-preview:-1",https://clinicadeolhosbenchimol.com.br/wp-content/uploads/2019/03/blog-marco-2019.webp,1,Relacionada à Idade ou DMRI?
https://clinicadeolhosbenchimol.com.br/retinopatia-diabetica-sintomas-causas-tipos-e-tratamento/,https://clinicadeolhosbenchimol.com.br/retinopatia-diabetica-sintomas-causas-tipos-e-tratamento/,200,"Retinopatia Diabética: Sintomas, Causas, Tipos e Tratamento - Clínica de Olhos Benchimol",https://clinicadeolhosbenchimol.com.br/retinopatia-diabetica-sintomas-causas-tipos-e-tratamento/,A retinopatia diabética é uma complicação ocular que afeta milhões de pessoas em todo o mundo. Confira o artigo.,"index, follow, max-image-preview:large, max-snippet:-1, max-video-preview:-1",https://clinicadeolhosbenchimol.com.br/wp-content/uploads/2024/10/WhatsApp-Image-2024-10-17-at-11.00.49.jpeg,1,"Retinopatia Diabética: Sintomas, Causas, Tipos e Tratamento"
https://clinicadeolhosbenchimol.com.br/retinopatia-diabetica/,https://clinicadeolhosbenchimol.com.br/retinopatia-diabetica/,200,Retinopatia Diabética - Clínica de Olhos Benchimol,https://clinicadeolhosbenchimol.com.br/retinopatia-diabetica/,,"index, follow, max-image-preview:large, max-snippet:-1, max-video-preview:-1",https://clinicadeolhosbenchimol.com.br/wp-content/uploads/2025/08/7245.jpg,0,Retinopatia Diabética
https://clinicadeolhosbenchimol.com.br/sample-page/,https://clinicadeolhosbenchimol.com.br/sample-page/,200,Sample Page - Clínica de Olhos Benchimol,https://clinicadeolhosbenchimol.com.br/sample-page/,,"index, follow, max-image-preview:large, max-snippet:-1, max-video-preview:-1",,0,Sample Page
https://clinicadeolhosbenchimol.com.br/saude-ocular-no-inverno/,https://clinicadeolhosbenchimol.com.br/saude-ocular-no-inverno/,200,Saúde Ocular no Inverno - Clínica de Olhos Benchimol,https://clinicadeolhosbenchimol.com.br/saude-ocular-no-inverno/,,"index, follow, max-image-preview:large, max-snippet:-1, max-video-preview:-1",https://clinicadeolhosbenchimol.com.br/wp-content/uploads/2020/06/blog-junho-2020.webp,1,Saúde Ocular no Inverno
https://clinicadeolhosbenchimol.com.br/saude-ocular-x-carteira-de-habilitacao/,https://clinicadeolhosbenchimol.com.br/saude-ocular-x-carteira-de-habilitacao/,200,Saúde Ocular X Carteira de Habilitação - Clínica de Olhos Benchimol,https://clinicadeolhosbenchimol.com.br/saude-ocular-x-carteira-de-habilitacao/,,"index, follow, max-image-preview:large, max-snippet:-1, max-video-preview:-1",https://clinicadeolhosbenchimol.com.br/wp-content/uploads/2021/01/blog-janeiro-2021-02.webp,1,Saúde Ocular X Carteira de Habilitação
https://clinicadeolhosbenchimol.com.br/servicos-nv/,https://clinicadeolhosbenchimol.com.br/servicos/,200,Serviços - Clínica de Olhos Benchimol,https://clinicadeolhosbenchimol.com.br/servicos/,,"index, follow, max-image-preview:large, max-snippet:-1, max-video-preview:-1",https://clinicadeolhosbenchimol.com.br/wp-content/uploads/2025/08/18443-1.jpg,0,Serviços
https://clinicadeolhosbenchimol.com.br/servicos/,https://clinicadeolhosbenchimol.com.br/servicos/,200,Serviços - Clínica de Olhos Benchimol,https://clinicadeolhosbenchimol.com.br/servicos/,,"index, follow, max-image-preview:large, max-snippet:-1, max-video-preview:-1",https://clinicadeolhosbenchimol.com.br/wp-content/uploads/2025/08/18443-1.jpg,0,Serviços
https://clinicadeolhosbenchimol.com.br/simply_galleries/,https://clinicadeolhosbenchimol.com.br/simply_galleries/,200,Arquivo SimpLy Galleries - Clínica de Olhos Benchimol,https://clinicadeolhosbenchimol.com.br/simply_galleries/,,"index, follow, max-image-preview:large, max-snippet:-1, max-video-preview:-1",,0,Arquivos: SimpLy Galleries
https://clinicadeolhosbenchimol.com.br/sinais-de-alerta-para-troca-de-oculos/,https://clinicadeolhosbenchimol.com.br/sinais-de-alerta-para-troca-de-oculos/,200,Sinais de alerta para troca de óculos. - Clínica de Olhos Benchimol,https://clinicadeolhosbenchimol.com.br/sinais-de-alerta-para-troca-de-oculos/,,"index, follow, max-image-preview:large, max-snippet:-1, max-video-preview:-1",https://clinicadeolhosbenchimol.com.br/wp-content/uploads/2020/07/blog-julho-2020-03.webp,1,Sinais de alerta para troca de óculos.
https://clinicadeolhosbenchimol.com.br/sintomas-iniciais-da-catarata/,https://clinicadeolhosbenchimol.com.br/sintomas-iniciais-da-catarata/,200,Sintomas iniciais da Catarata - Clínica de Olhos Benchimol,https://clinicadeolhosbenchimol.com.br/sintomas-iniciais-da-catarata/,,"index, follow, max-image-preview:large, max-snippet:-1, max-video-preview:-1",https://clinicadeolhosbenchimol.com.br/wp-content/uploads/2020/08/blog-agosto-2020-02.webp,1,Sintomas iniciais da Catarata
https://clinicadeolhosbenchimol.com.br/sobre-nos/,https://clinicadeolhosbenchimol.com.br/sobre-nos/,200,Sobre Nós - Clínica de Olhos Benchimol,https://clinicadeolhosbenchimol.com.br/sobre-nos/,,"index, follow, max-image-preview:large, max-snippet:-1, max-video-preview:-1",https://clinicadeolhosbenchimol.com.br/wp-content/uploads/2025/08/benchimol-sobre-nos.webp,0,Sobre Nós
https://clinicadeolhosbenchimol.com.br/tag/80-anos/,https://clinicadeolhosbenchimol.com.br/tag/80-anos/,200,Arquivo de 80 anos - Clínica de Olhos Benchimol,https://clinicadeolhosbenchimol.com.br/tag/80-anos/,,"index, follow, max-image-preview:large, max-snippet:-1, max-video-preview:-1",,0,Tag: 80 anos
https://clinicadeolhosbenchimol.com.br/tag/acuidade-visual/,https://clinicadeolhosbenchimol.com.br/tag/acuidade-visual/,200,Arquivo de acuidade visual - Clínica de Olhos Benchimol,https://clinicadeolhosbenchimol.com.br/tag/acuidade-visual/,,"index, follow, max-image-preview:large, max-snippet:-1, max-video-preview:-1",,0,Tag: acuidade visual
https://clinicadeolhosbenchimol.com.br/tag/aniversario/,https://clinicadeolhosbenchimol.com.br/tag/aniversario/,200,Arquivo de aniversário - Clínica de Olhos Benchimol,https://clinicadeolhosbenchimol.com.br/tag/aniversario/,,"index, follow, max-image-preview:large, max-snippet:-1, max-video-preview:-1",,0,Tag: aniversário
https://clinicadeolhosbenchimol.com.br/tag/bingo-bash-bonus/,https://clinicadeolhosbenchimol.com.br/tag/bingo-bash-bonus/,200,Arquivo de bingo bash bonus - Clínica de Olhos Benchimol,https://clinicadeolhosbenchimol.com.br/tag/bingo-bash-bonus/,,"index, follow, max-image-preview:large, max-snippet:-1, max-video-preview:-1",,0,Tag: bingo bash bonus
https://clinicadeolhosbenchimol.com.br/tag/bingo-bash-chips-2025/,https://clinicadeolhosbenchimol.com.br/tag/bingo-bash-chips-2025/,200,Arquivo de bingo bash chips 2025 - Clínica de Olhos Benchimol,https://clinicadeolhosbenchimol.com.br/tag/bingo-bash-chips-2025/,,"index, follow, max-image-preview:large, max-snippet:-1, max-video-preview:-1",,0,Tag: bingo bash chips 2025
https://clinicadeolhosbenchimol.com.br/tag/bingo-bash-daily-offers/,https://clinicadeolhosbenchimol.com.br/tag/bingo-bash-daily-offers/,200,Arquivo de bingo bash daily offers - Clínica de Olhos Benchimol,https://clinicadeolhosbenchimol.com.br/tag/bingo-bash-daily-offers/,,"index, follow, max-image-preview:large, max-snippet:-1, max-video-preview:-1",,0,Tag: bingo bash daily offers
https://clinicadeolhosbenchimol.com.br/tag/bingo-bash-free-chips/,https://clinicadeolhosbenchimol.com.br/tag/bingo-bash-free-chips/,200,Arquivo de bingo bash free chips - Clínica de Olhos Benchimol,https://clinicadeolhosbenchimol.com.br/tag/bingo-bash-free-chips/,,"index, follow, max-image-preview:large, max-snippet:-1, max-video-preview:-1",,0,Tag: bingo bash free chips
https://clinicadeolhosbenchimol.com.br/tag/bingo-bash-free-rewards/,https://clinicadeolhosbenchimol.com.br/tag/bingo-bash-free-rewards/,200,Arquivo de bingo bash free rewards - Clínica de Olhos Benchimol,https://clinicadeolhosbenchimol.com.br/tag/bingo-bash-free-rewards/,,"index, follow, max-image-preview:large, max-snippet:-1, max-video-preview:-1",,0,Tag: bingo bash free rewards
https://clinicadeolhosbenchimol.com.br/tag/bingo-bash-hacks/,https://clinicadeolhosbenchimol.com.br/tag/bingo-bash-hacks/,200,Arquivo de bingo bash hacks - Clínica de Olhos Benchimol,https://clinicadeolhosbenchimol.com.br/tag/bingo-bash-hacks/,,"index, follow, max-image-preview:large, max-snippet:-1, max-video-preview:-1",,0,Tag: bingo bash hacks
https://clinicadeolhosbenchimol.com.br/tag/bingo-bash-rewards/,https://clinicadeolhosbenchimol.com.br/tag/bingo-bash-rewards/,200,Arquivo de bingo bash rewards - Clínica de Olhos Benchimol,https://clinicadeolhosbenchimol.com.br/tag/bingo-bash-rewards/,,"index, follow, max-image-preview:large, max-snippet:-1, max-video-preview:-1",,0,Tag: bingo bash rewards
https://clinicadeolhosbenchimol.com.br/tag/bingo-bash-tips/,https://clinicadeolhosbenchimol.com.br/tag/bingo-bash-tips/,200,Arquivo de bingo bash tips - Clínica de Olhos Benchimol,https://clinicadeolhosbenchimol.com.br/tag/bingo-bash-tips/,,"index, follow, max-image-preview:large, max-snippet:-1, max-video-preview:-1",,0,Tag: bingo bash tips
https://clinicadeolhosbenchimol.com.br/tag/bingo-drive-bonus/,https://clinicadeolhosbenchimol.com.br/tag/bingo-drive-bonus/,200,Arquivo de bingo drive bonus - Clínica de Olhos Benchimol,https://clinicadeolhosbenchimol.com.br/tag/bingo-drive-bonus/,,"index, follow, max-image-preview:large, max-snippet:-1, max-video-preview:-1",,0,Tag: bingo drive bonus
https://clinicadeolhosbenchimol.com.br/tag/bingo-drive-credits-2025/,https://clinicadeolhosbenchimol.com.br/tag/bingo-drive-credits-2025/,200,Arquivo de bingo drive credits 2025 - Clínica de Olhos Benchimol,https://clinicadeolhosbenchimol.com.br/tag/bingo-drive-credits-2025/,,"index, follow, max-image-preview:large, max-snippet:-1, max-video-preview:-1",,0,Tag: bingo drive credits 2025
https://clinicadeolhosbenchimol.com.br/tag/bingo-drive-daily-links/,https://clinicadeolhosbenchimol.com.br/tag/bingo-drive-daily-links/,200,Arquivo de bingo drive daily links - Clínica de Olhos Benchimol,https://clinicadeolhosbenchimol.com.br/tag/bingo-drive-daily-links/,,"index, follow, max-image-preview:large, max-snippet:-1, max-video-preview:-1",,0,Tag: bingo drive daily links
https://clinicadeolhosbenchimol.com.br/tag/bingo-drive-free-credits/,https://clinicadeolhosbenchimol.com.br/tag/bingo-drive-free-credits/,200,Arquivo de bingo drive free credits - Clínica de Olhos Benchimol,https://clinicadeolhosbenchimol.com.br/tag/bingo-drive-free-credits/,,"index, follow, max-image-preview:large, max-snippet:-1, max-video-preview:-1",,0,Tag: bingo drive free credits
https://clinicadeolhosbenchimol.com.br/tag/bingo-drive-freebies/,https://clinicadeolhosbenchimol.com.br/tag/bingo-drive-freebies/,200,Arquivo de bingo drive freebies - Clínica de Olhos Benchimol,https://clinicadeolhosbenchimol.com.br/tag/bingo-drive-freebies/,,"index, follow, max-image-preview:large, max-snippet:-1, max-video-preview:-1",,0,Tag: bingo drive freebies
https://clinicadeolhosbenchimol.com.br/tag/bingo-drive-hacks/,https://clinicadeolhosbenchimol.com.br/tag/bingo-drive-hacks/,200,Arquivo de bingo drive hacks - Clínica de Olhos Benchimol,https://clinicadeolhosbenchimol.com.br/tag/bingo-drive-hacks/,,"index, follow, max-image-preview:large, max-snippet:-1, max-video-preview:-1",,0,Tag: bingo drive hacks
https://clinicadeolhosbenchimol.com.br/tag/bingo-drive-rewards/,https://clinicadeolhosbenchimol.com.br/tag/bingo-drive-rewards/,200,Arquivo de bingo drive rewards - Clínica de Olhos Benchimol,https://clinicadeolhosbenchimol.com.br/tag/bingo-drive-rewards/,,"index, follow, max-image-preview:large, max-snippet:-1, max-video-preview:-1",,0,Tag: bingo drive rewards
https://clinicadeolhosbenchimol.com.br/tag/bingo-drive-tips/,https://clinicadeolhosbenchimol.com.br/tag/bingo-drive-tips/,200,Arquivo de bingo drive tips - Clínica de Olhos Benchimol,https://clinicadeolhosbenchimol.com.br/tag/bingo-drive-tips/,,"index, follow, max-image-preview:large, max-snippet:-1, max-video-preview:-1",,0,Tag: bingo drive tips
https://clinicadeolhosbenchimol.com.br/tag/board-kings-free-diamonds/,https://clinicadeolhosbenchimol.com.br/tag/board-kings-free-diamonds/,200,Arquivo de board kings free diamonds - Clínica de Olhos Benchimol,https://clinicadeolhosbenchimol.com.br/tag/board-kings-free-diamonds/,,"index, follow, max-image-preview:large, max-snippet:-1, max-video-preview:-1",,0,Tag: board kings free diamonds
https://clinicadeolhosbenchimol.com.br/tag/board-kings-free-gems-2025/,https://clinicadeolhosbenchimol.com.br/tag/board-kings-free-gems-2025/,200,Arquivo de board kings free gems 2025 - Clínica de Olhos Benchimol,https://clinicadeolhosbenchimol.com.br/tag/board-kings-free-gems-2025/,,"index, follow, max-image-preview:large, max-snippet:-1, max-video-preview:-1",,0,Tag: board kings free gems 2025
https://clinicadeolhosbenchimol.com.br/tag/board-kings-free-gems/,https://clinicadeolhosbenchimol.com.br/tag/board-kings-free-gems/,200,Arquivo de board kings free gems - Clínica de Olhos Benchimol,https://clinicadeolhosbenchimol.com.br/tag/board-kings-free-gems/,,"index, follow, max-image-preview:large, max-snippet:-1, max-video-preview:-1",,0,Tag: board kings free gems
https://clinicadeolhosbenchimol.com.br/tag/catarata/,https://clinicadeolhosbenchimol.com.br/tag/catarata/,200,Arquivo de catarata - Clínica de Olhos Benchimol,https://clinicadeolhosbenchimol.com.br/tag/catarata/,,"index, follow, max-image-preview:large, max-snippet:-1, max-video-preview:-1",,0,Tag: catarata
https://clinicadeolhosbenchimol.com.br/tag/cegueira/,https://clinicadeolhosbenchimol.com.br/tag/cegueira/,200,Arquivo de cegueira - Clínica de Olhos Benchimol,https://clinicadeolhosbenchimol.com.br/tag/cegueira/,,"index, follow, max-image-preview:large, max-snippet:-1, max-video-preview:-1",,0,Tag: cegueira
https://clinicadeolhosbenchimol.com.br/tag/clinica-de-olhos-benchimol/,https://clinicadeolhosbenchimol.com.br/tag/clinica-de-olhos-benchimol/,200,Arquivo de clínica de olhos benchimol - Clínica de Olhos Benchimol,https://clinicadeolhosbenchimol.com.br/tag/clinica-de-olhos-benchimol/,,"index, follow, max-image-preview:large, max-snippet:-1, max-video-preview:-1",,0,Tag: clínica de olhos benchimol
https://clinicadeolhosbenchimol.com.br/tag/coin-master-bonus/,https://clinicadeolhosbenchimol.com.br/tag/coin-master-bonus/,200,Arquivo de coin master bonus - Clínica de Olhos Benchimol,https://clinicadeolhosbenchimol.com.br/tag/coin-master-bonus/,,"index, follow, max-image-preview:large, max-snippet:-1, max-video-preview:-1",,0,Tag: coin master bonus
https://clinicadeolhosbenchimol.com.br/tag/coin-master-daily-links/,https://clinicadeolhosbenchimol.com.br/tag/coin-master-daily-links/,200,Arquivo de coin master daily links - Clínica de Olhos Benchimol,https://clinicadeolhosbenchimol.com.br/tag/coin-master-daily-links/,,"index, follow, max-image-preview:large, max-snippet:-1, max-video-preview:-1",,0,Tag: coin master daily links
https://clinicadeolhosbenchimol.com.br/tag/coin-master-free-coins/,https://clinicadeolhosbenchimol.com.br/tag/coin-master-free-coins/,200,Arquivo de coin master free coins - Clínica de Olhos Benchimol,https://clinicadeolhosbenchimol.com.br/tag/coin-master-free-coins/,,"index, follow, max-image-preview:large, max-snippet:-1, max-video-preview:-1",,0,Tag: coin master free coins
https://clinicadeolhosbenchimol.com.br/tag/coin-master-free-spins/,https://clinicadeolhosbenchimol.com.br/tag/coin-master-free-spins/,200,Arquivo de coin master free spins - Clínica de Olhos Benchimol,https://clinicadeolhosbenchimol.com.br/tag/coin-master-free-spins/,,"index, follow, max-image-preview:large, max-snippet:-1, max-video-preview:-1",,0,Tag: coin master free spins
https://clinicadeolhosbenchimol.com.br/tag/coin-master-hacks/,https://clinicadeolhosbenchimol.com.br/tag/coin-master-hacks/,200,Arquivo de coin master hacks - Clínica de Olhos Benchimol,https://clinicadeolhosbenchimol.com.br/tag/coin-master-hacks/,,"index, follow, max-image-preview:large, max-snippet:-1, max-video-preview:-1",,0,Tag: coin master hacks
https://clinicadeolhosbenchimol.com.br/tag/coin-master-rewards/,https://clinicadeolhosbenchimol.com.br/tag/coin-master-rewards/,200,Arquivo de coin master rewards - Clínica de Olhos Benchimol,https://clinicadeolhosbenchimol.com.br/tag/coin-master-rewards/,,"index, follow, max-image-preview:large, max-snippet:-1, max-video-preview:-1",,0,Tag: coin master rewards
https://clinicadeolhosbenchimol.com.br/tag/coin-master-spins-2025/,https://clinicadeolhosbenchimol.com.br/tag/coin-master-spins-2025/,200,Arquivo de coin master spins 2025 - Clínica de Olhos Benchimol,https://clinicadeolhosbenchimol.com.br/tag/coin-master-spins-2025/,,"index, follow, max-image-preview:large, max-snippet:-1, max-video-preview:-1",,0,Tag: coin master spins 2025
https://clinicadeolhosbenchimol.com.br/tag/coin-master-tips/,https://clinicadeolhosbenchimol.com.br/tag/coin-master-tips/,200,Arquivo de coin master tips - Clínica de Olhos Benchimol,https://clinicadeolhosbenchimol.com.br/tag/coin-master-tips/,,"index, follow, max-image-preview:large, max-snippet:-1, max-video-preview:-1",,0,Tag: coin master tips
https://clinicadeolhosbenchimol.com.br/tag/dice-dreams-free-rolls-hack-deutsch/,https://clinicadeolhosbenchimol.com.br/tag/dice-dreams-free-rolls-hack-deutsch/,200,Arquivo de Dice Dreams free rolls hack Deutsch - Clínica de Olhos Benchimol,https://clinicadeolhosbenchimol.com.br/tag/dice-dreams-free-rolls-hack-deutsch/,,"index, follow, max-image-preview:large, max-snippet:-1, max-video-preview:-1",,0,Tag: Dice Dreams free rolls hack Deutsch
https://clinicadeolhosbenchimol.com.br/tag/dice-dreams-rolls-deutsch/,https://clinicadeolhosbenchimol.com.br/tag/dice-dreams-rolls-deutsch/,200,Arquivo de Dice Dreams rolls Deutsch - Clínica de Olhos Benchimol,https://clinicadeolhosbenchimol.com.br/tag/dice-dreams-rolls-deutsch/,,"index, follow, max-image-preview:large, max-snippet:-1, max-video-preview:-1",,0,Tag: Dice Dreams rolls Deutsch
https://clinicadeolhosbenchimol.com.br/tag/dicedream/,https://clinicadeolhosbenchimol.com.br/tag/dicedream/,200,Arquivo de dicedream - Clínica de Olhos Benchimol,https://clinicadeolhosbenchimol.com.br/tag/dicedream/,,"index, follow, max-image-preview:large, max-snippet:-1, max-video-preview:-1",,0,Tag: dicedream
https://clinicadeolhosbenchimol.com.br/tag/dmri/,https://clinicadeolhosbenchimol.com.br/tag/dmri/,200,Arquivo de DMRI - Clínica de Olhos Benchimol,https://clinicadeolhosbenchimol.com.br/tag/dmri/,,"index, follow, max-image-preview:large, max-snippet:-1, max-video-preview:-1",,0,Tag: DMRI
https://clinicadeolhosbenchimol.com.br/tag/exame/,https://clinicadeolhosbenchimol.com.br/tag/exame/,200,Arquivo de exame - Clínica de Olhos Benchimol,https://clinicadeolhosbenchimol.com.br/tag/exame/,,"index, follow, max-image-preview:large, max-snippet:-1, max-video-preview:-1",,0,Tag: exame
https://clinicadeolhosbenchimol.com.br/tag/exames-oftalmologicos/,https://clinicadeolhosbenchimol.com.br/tag/exames-oftalmologicos/,200,Arquivo de exames oftalmológicos - Clínica de Olhos Benchimol,https://clinicadeolhosbenchimol.com.br/tag/exames-oftalmologicos/,,"index, follow, max-image-preview:large, max-snippet:-1, max-video-preview:-1",,0,Tag: exames oftalmológicos
https://clinicadeolhosbenchimol.com.br/tag/family-island-energy/,https://clinicadeolhosbenchimol.com.br/tag/family-island-energy/,200,Arquivo de family island energy - Clínica de Olhos Benchimol,https://clinicadeolhosbenchimol.com.br/tag/family-island-energy/,,"index, follow, max-image-preview:large, max-snippet:-1, max-video-preview:-1",,0,Tag: family island energy
https://clinicadeolhosbenchimol.com.br/tag/family-island-free-energy-hack/,https://clinicadeolhosbenchimol.com.br/tag/family-island-free-energy-hack/,200,Arquivo de family island free energy hack - Clínica de Olhos Benchimol,https://clinicadeolhosbenchimol.com.br/tag/family-island-free-energy-hack/,,"index, follow, max-image-preview:large, max-snippet:-1, max-video-preview:-1",,0,Tag: family island free energy hack
https://clinicadeolhosbenchimol.com.br/tag/family-island-free-energy/,https://clinicadeolhosbenchimol.com.br/tag/family-island-free-energy/,200,Arquivo de family island free energy - Clínica de Olhos Benchimol,https://clinicadeolhosbenchimol.com.br/tag/family-island-free-energy/,,"index, follow, max-image-preview:large, max-snippet:-1, max-video-preview:-1",,0,Tag: family island free energy
https://clinicadeolhosbenchimol.com.br/tag/free-chips-bingo-bash/,https://clinicadeolhosbenchimol.com.br/tag/free-chips-bingo-bash/,200,Arquivo de free chips bingo bash - Clínica de Olhos Benchimol,https://clinicadeolhosbenchimol.com.br/tag/free-chips-bingo-bash/,,"index, follow, max-image-preview:large, max-snippet:-1, max-video-preview:-1",,0,Tag: free chips bingo bash
https://clinicadeolhosbenchimol.com.br/tag/free-coins-gaminator/,https://clinicadeolhosbenchimol.com.br/tag/free-coins-gaminator/,200,Arquivo de free coins gaminator - Clínica de Olhos Benchimol,https://clinicadeolhosbenchimol.com.br/tag/free-coins-gaminator/,,"index, follow, max-image-preview:large, max-snippet:-1, max-video-preview:-1",,0,Tag: free coins gaminator
https://clinicadeolhosbenchimol.com.br/tag/free-coins-solitaire-grand-harvest/,https://clinicadeolhosbenchimol.com.br/tag/free-coins-solitaire-grand-harvest/,200,Arquivo de free coins solitaire grand harvest - Clínica de Olhos Benchimol,https://clinicadeolhosbenchimol.com.br/tag/free-coins-solitaire-grand-harvest/,,"index, follow, max-image-preview:large, max-snippet:-1, max-video-preview:-1",,0,Tag: free coins solitaire grand harvest
https://clinicadeolhosbenchimol.com.br/tag/free-credits-bingo-drive/,https://clinicadeolhosbenchimol.com.br/tag/free-credits-bingo-drive/,200,Arquivo de free credits bingo drive - Clínica de Olhos Benchimol,https://clinicadeolhosbenchimol.com.br/tag/free-credits-bingo-drive/,,"index, follow, max-image-preview:large, max-snippet:-1, max-video-preview:-1",,0,Tag: free credits bingo drive
https://clinicadeolhosbenchimol.com.br/tag/free-spins-coin-master/,https://clinicadeolhosbenchimol.com.br/tag/free-spins-coin-master/,200,Arquivo de free spins coin master - Clínica de Olhos Benchimol,https://clinicadeolhosbenchimol.com.br/tag/free-spins-coin-master/,,"index, follow, max-image-preview:large, max-snippet:-1, max-video-preview:-1",,0,Tag: free spins coin master
https://clinicadeolhosbenchimol.com.br/tag/gamehunters-free-coins/,https://clinicadeolhosbenchimol.com.br/tag/gamehunters-free-coins/,200,Arquivo de gamehunters free coins - Clínica de Olhos Benchimol,https://clinicadeolhosbenchimol.com.br/tag/gamehunters-free-coins/,,"index, follow, max-image-preview:large, max-snippet:-1, max-video-preview:-1",,0,Tag: gamehunters free coins
https://clinicadeolhosbenchimol.com.br/tag/gaminator-bonus-coins/,https://clinicadeolhosbenchimol.com.br/tag/gaminator-bonus-coins/,200,Arquivo de gaminator bonus coins - Clínica de Olhos Benchimol,https://clinicadeolhosbenchimol.com.br/tag/gaminator-bonus-coins/,,"index, follow, max-image-preview:large, max-snippet:-1, max-video-preview:-1",,0,Tag: gaminator bonus coins
https://clinicadeolhosbenchimol.com.br/tag/gaminator-bonus/,https://clinicadeolhosbenchimol.com.br/tag/gaminator-bonus/,200,Arquivo de gaminator bonus - Clínica de Olhos Benchimol,https://clinicadeolhosbenchimol.com.br/tag/gaminator-bonus/,,"index, follow, max-image-preview:large, max-snippet:-1, max-video-preview:-1",,0,Tag: gaminator bonus
https://clinicadeolhosbenchimol.com.br/tag/gaminator-coins-2025/,https://clinicadeolhosbenchimol.com.br/tag/gaminator-coins-2025/,200,Arquivo de gaminator coins 2025 - Clínica de Olhos Benchimol,https://clinicadeolhosbenchimol.com.br/tag/gaminator-coins-2025/,,"index, follow, max-image-preview:large, max-snippet:-1, max-video-preview:-1",,0,Tag: gaminator coins 2025
https://clinicadeolhosbenchimol.com.br/tag/gaminator-daily-links/,https://clinicadeolhosbenchimol.com.br/tag/gaminator-daily-links/,200,Arquivo de gaminator daily links - Clínica de Olhos Benchimol,https://clinicadeolhosbenchimol.com.br/tag/gaminator-daily-links/,,"index, follow, max-image-preview:large, max-snippet:-1, max-video-preview:-1",,0,Tag: gaminator daily links
https://clinicadeolhosbenchimol.com.br/tag/gaminator-free-coins/,https://clinicadeolhosbenchimol.com.br/tag/gaminator-free-coins/,200,Arquivo de gaminator free coins - Clínica de Olhos Benchimol,https://clinicadeolhosbenchimol.com.br/tag/gaminator-free-coins/,,"index, follow, max-image-preview:large, max-snippet:-1, max-video-preview:-1",,0,Tag: gaminator free coins
https://clinicadeolhosbenchimol.com.br/tag/gaminator-hacks/,https://clinicadeolhosbenchimol.com.br/tag/gaminator-hacks/,200,Arquivo de gaminator hacks - Clínica de Olhos Benchimol,https://clinicadeolhosbenchimol.com.br/tag/gaminator-hacks/,,"index, follow, max-image-preview:large, max-snippet:-1, max-video-preview:-1",,0,Tag: gaminator hacks
https://clinicadeolhosbenchimol.com.br/tag/gaminator-rewards/,https://clinicadeolhosbenchimol.com.br/tag/gaminator-rewards/,200,Arquivo de gaminator rewards - Clínica de Olhos Benchimol,https://clinicadeolhosbenchimol.com.br/tag/gaminator-rewards/,,"index, follow, max-image-preview:large, max-snippet:-1, max-video-preview:-1",,0,Tag: gaminator rewards
https://clinicadeolhosbenchimol.com.br/tag/gaminator-tips/,https://clinicadeolhosbenchimol.com.br/tag/gaminator-tips/,200,Arquivo de gaminator tips - Clínica de Olhos Benchimol,https://clinicadeolhosbenchimol.com.br/tag/gaminator-tips/,,"index, follow, max-image-preview:large, max-snippet:-1, max-video-preview:-1",,0,Tag: gaminator tips
https://clinicadeolhosbenchimol.com.br/tag/how-to-get-free-bingo-bash-chips/,https://clinicadeolhosbenchimol.com.br/tag/how-to-get-free-bingo-bash-chips/,200,Arquivo de how to get free bingo bash chips - Clínica de Olhos Benchimol,https://clinicadeolhosbenchimol.com.br/tag/how-to-get-free-bingo-bash-chips/,,"index, follow, max-image-preview:large, max-snippet:-1, max-video-preview:-1",,0,Tag: how to get free bingo bash chips
https://clinicadeolhosbenchimol.com.br/tag/how-to-get-free-bingo-drive-credits/,https://clinicadeolhosbenchimol.com.br/tag/how-to-get-free-bingo-drive-credits/,200,Arquivo de how to get free bingo drive credits - Clínica de Olhos Benchimol,https://clinicadeolhosbenchimol.com.br/tag/how-to-get-free-bingo-drive-credits/,,"index, follow, max-image-preview:large, max-snippet:-1, max-video-preview:-1",,0,Tag: how to get free bingo drive credits
https://clinicadeolhosbenchimol.com.br/tag/how-to-get-free-coin-master-spins/,https://clinicadeolhosbenchimol.com.br/tag/how-to-get-free-coin-master-spins/,200,Arquivo de how to get free coin master spins - Clínica de Olhos Benchimol,https://clinicadeolhosbenchimol.com.br/tag/how-to-get-free-coin-master-spins/,,"index, follow, max-image-preview:large, max-snippet:-1, max-video-preview:-1",,0,Tag: how to get free coin master spins
https://clinicadeolhosbenchimol.com.br/tag/how-to-get-free-gaminator-coins/,https://clinicadeolhosbenchimol.com.br/tag/how-to-get-free-gaminator-coins/,200,Arquivo de how to get free gaminator coins - Clínica de Olhos Benchimol,https://clinicadeolhosbenchimol.com.br/tag/how-to-get-free-gaminator-coins/,,"index, follow, max-image-preview:large, max-snippet:-1, max-video-preview:-1",,0,Tag: how to get free gaminator coins
https://clinicadeolhosbenchimol.com.br/tag/injecao-intravitrea/,https://clinicadeolhosbenchimol.com.br/tag/injecao-intravitrea/,200,Arquivo de injeção intravítrea - Clínica de Olhos Benchimol,https://clinicadeolhosbenchimol.com.br/tag/injecao-intravitrea/,,"index, follow, max-image-preview:large, max-snippet:-1, max-video-preview:-1",,0,Tag: injeção intravítrea
https://clinicadeolhosbenchimol.com.br/tag/levvvel-free-coins/,https://clinicadeolhosbenchimol.com.br/tag/levvvel-free-coins/,200,Arquivo de levvvel free coins - Clínica de Olhos Benchimol,https://clinicadeolhosbenchimol.com.br/tag/levvvel-free-coins/,,"index, follow, max-image-preview:large, max-snippet:-1, max-video-preview:-1",,0,Tag: levvvel free coins
https://clinicadeolhosbenchimol.com.br/tag/macula/,https://clinicadeolhosbenchimol.com.br/tag/macula/,200,Arquivo de mácula - Clínica de Olhos Benchimol,https://clinicadeolhosbenchimol.com.br/tag/macula/,,"index, follow, max-image-preview:large, max-snippet:-1, max-video-preview:-1",,0,Tag: mácula
https://clinicadeolhosbenchimol.com.br/tag/mapeamento-de-retina/,https://clinicadeolhosbenchimol.com.br/tag/mapeamento-de-retina/,200,Arquivo de mapeamento de retina - Clínica de Olhos Benchimol,https://clinicadeolhosbenchimol.com.br/tag/mapeamento-de-retina/,,"index, follow, max-image-preview:large, max-snippet:-1, max-video-preview:-1",,0,Tag: mapeamento de retina
https://clinicadeolhosbenchimol.com.br/tag/marco/,https://clinicadeolhosbenchimol.com.br/tag/marco/,200,Arquivo de marco - Clínica de Olhos Benchimol,https://clinicadeolhosbenchimol.com.br/tag/marco/,,"index, follow, max-image-preview:large, max-snippet:-1, max-video-preview:-1",,0,Tag: marco
https://clinicadeolhosbenchimol.com.br/tag/moscas-volantes/,https://clinicadeolhosbenchimol.com.br/tag/moscas-volantes/,200,Arquivo de moscas volantes - Clínica de Olhos Benchimol,https://clinicadeolhosbenchimol.com.br/tag/moscas-volantes/,,"index, follow, max-image-preview:large, max-snippet:-1, max-video-preview:-1",,0,Tag: moscas volantes
https://clinicadeolhosbenchimol.com.br/tag/mosttechs-free-coins/,https://clinicadeolhosbenchimol.com.br/tag/mosttechs-free-coins/,200,Arquivo de mosttechs free coins - Clínica de Olhos Benchimol,https://clinicadeolhosbenchimol.com.br/tag/mosttechs-free-coins/,,"index, follow, max-image-preview:large, max-snippet:-1, max-video-preview:-1",,0,Tag: mosttechs free coins
https://clinicadeolhosbenchimol.com.br/tag/oct/,https://clinicadeolhosbenchimol.com.br/tag/oct/,200,Arquivo de oct - Clínica de Olhos Benchimol,https://clinicadeolhosbenchimol.com.br/tag/oct/,,"index, follow, max-image-preview:large, max-snippet:-1, max-video-preview:-1",,0,Tag: oct
https://clinicadeolhosbenchimol.com.br/tag/oftalmologia/,https://clinicadeolhosbenchimol.com.br/tag/oftalmologia/,200,Arquivo de oftalmologia - Clínica de Olhos Benchimol,https://clinicadeolhosbenchimol.com.br/tag/oftalmologia/,,"index, follow, max-image-preview:large, max-snippet:-1, max-video-preview:-1",,0,Tag: oftalmologia
https://clinicadeolhosbenchimol.com.br/tag/oftalmologista/,https://clinicadeolhosbenchimol.com.br/tag/oftalmologista/,200,Arquivo de oftalmologista - Clínica de Olhos Benchimol,https://clinicadeolhosbenchimol.com.br/tag/oftalmologista/,,"index, follow, max-image-preview:large, max-snippet:-1, max-video-preview:-1",,0,Tag: oftalmologista
https://clinicadeolhosbenchimol.com.br/tag/retina/,https://clinicadeolhosbenchimol.com.br/tag/retina/,200,Arquivo de retina - Clínica de Olhos Benchimol,https://clinicadeolhosbenchimol.com.br/tag/retina/,,"index, follow, max-image-preview:large, max-snippet:-1, max-video-preview:-1",,0,Tag: retina
https://clinicadeolhosbenchimol.com.br/tag/saude-ocular/,https://clinicadeolhosbenchimol.com.br/tag/saude-ocular/,200,Arquivo de saúde ocular - Clínica de Olhos Benchimol,https://clinicadeolhosbenchimol.com.br/tag/saude-ocular/,,"index, follow, max-image-preview:large, max-snippet:-1, max-video-preview:-1",,0,Tag: saúde ocular
https://clinicadeolhosbenchimol.com.br/tag/saude-visual/,https://clinicadeolhosbenchimol.com.br/tag/saude-visual/,200,Arquivo de saúde visual - Clínica de Olhos Benchimol,https://clinicadeolhosbenchimol.com.br/tag/saude-visual/,,"index, follow, max-image-preview:large, max-snippet:-1, max-video-preview:-1",,0,Tag: saúde visual
https://clinicadeolhosbenchimol.com.br/tag/solitaire-grand-harvest-coins-2025/,https://clinicadeolhosbenchimol.com.br/tag/solitaire-grand-harvest-coins-2025/,200,Arquivo de solitaire grand harvest coins 2025 - Clínica de Olhos Benchimol,https://clinicadeolhosbenchimol.com.br/tag/solitaire-grand-harvest-coins-2025/,,"index, follow, max-image-preview:large, max-snippet:-1, max-video-preview:-1",,0,Tag: solitaire grand harvest coins 2025
https://clinicadeolhosbenchimol.com.br/tag/solitaire-grand-harvest-daily-links/,https://clinicadeolhosbenchimol.com.br/tag/solitaire-grand-harvest-daily-links/,200,Arquivo de solitaire grand harvest daily links - Clínica de Olhos Benchimol,https://clinicadeolhosbenchimol.com.br/tag/solitaire-grand-harvest-daily-links/,,"index, follow, max-image-preview:large, max-snippet:-1, max-video-preview:-1",,0,Tag: solitaire grand harvest daily links
https://clinicadeolhosbenchimol.com.br/tag/solitaire-grand-harvest-free-coins/,https://clinicadeolhosbenchimol.com.br/tag/solitaire-grand-harvest-free-coins/,200,Arquivo de solitaire grand harvest free coins - Clínica de Olhos Benchimol,https://clinicadeolhosbenchimol.com.br/tag/solitaire-grand-harvest-free-coins/,,"index, follow, max-image-preview:large, max-snippet:-1, max-video-preview:-1",,0,Tag: solitaire grand harvest free coins
https://clinicadeolhosbenchimol.com.br/tag/solitaire-grand-harvest-hacks/,https://clinicadeolhosbenchimol.com.br/tag/solitaire-grand-harvest-hacks/,200,Arquivo de solitaire grand harvest hacks - Clínica de Olhos Benchimol,https://clinicadeolhosbenchimol.com.br/tag/solitaire-grand-harvest-hacks/,,"index, follow, max-image-preview:large, max-snippet:-1, max-video-preview:-1",,0,Tag: solitaire grand harvest hacks
https://clinicadeolhosbenchimol.com.br/tag/solitaire-grand-harvest-rewards/,https://clinicadeolhosbenchimol.com.br/tag/solitaire-grand-harvest-rewards/,200,Arquivo de solitaire grand harvest rewards - Clínica de Olhos Benchimol,https://clinicadeolhosbenchimol.com.br/tag/solitaire-grand-harvest-rewards/,,"index, follow, max-image-preview:large, max-snippet:-1, max-video-preview:-1",,0,Tag: solitaire grand harvest rewards
https://clinicadeolhosbenchimol.com.br/tag/solitaire-grand-harvest-tips/,https://clinicadeolhosbenchimol.com.br/tag/solitaire-grand-harvest-tips/,200,Arquivo de solitaire grand harvest tips - Clínica de Olhos Benchimol,https://clinicadeolhosbenchimol.com.br/tag/solitaire-grand-harvest-tips/,,"index, follow, max-image-preview:large, max-snippet:-1, max-video-preview:-1",,0,Tag: solitaire grand harvest tips
https://clinicadeolhosbenchimol.com.br/tag/tratamento/,https://clinicadeolhosbenchimol.com.br/tag/tratamento/,200,Arquivo de tratamento - Clínica de Olhos Benchimol,https://clinicadeolhosbenchimol.com.br/tag/tratamento/,,"index, follow, max-image-preview:large, max-snippet:-1, max-video-preview:-1",,0,Tag: tratamento
https://clinicadeolhosbenchimol.com.br/tag/visao/,https://clinicadeolhosbenchimol.com.br/tag/visao/,200,Arquivo de visão - Clínica de Olhos Benchimol,https://clinicadeolhosbenchimol.com.br/tag/visao/,,"index, follow, max-image-preview:large, max-snippet:-1, max-video-preview:-1",,0,Tag: visão
https://clinicadeolhosbenchimol.com.br/tercol-o-que-e/,https://clinicadeolhosbenchimol.com.br/tercol-o-que-e/,200,Terçol: O que é? - Clínica de Olhos Benchimol,https://clinicadeolhosbenchimol.com.br/tercol-o-que-e/,,"index, follow, max-image-preview:large, max-snippet:-1, max-video-preview:-1",https://clinicadeolhosbenchimol.com.br/wp-content/uploads/2024/06/blog-junho-2020-02.webp,1,Terçol: O que é?
https://clinicadeolhosbenchimol.com.br/tipos-de-catarata-sintomas-causas-e-cirurgia/,https://clinicadeolhosbenchimol.com.br/tipos-de-catarata-sintomas-causas-e-cirurgia/,200,"Tipos de Catarata: sintomas, causas e cirurgia  - Clínica de Olhos Benchimol",https://clinicadeolhosbenchimol.com.br/tipos-de-catarata-sintomas-causas-e-cirurgia/,"Conheça melhor os tipos de catarata: sintomas, causas e as etapas dos cuidados pré e pós cirurgia para obter bons resultados.","index, follow, max-image-preview:large, max-snippet:-1, max-video-preview:-1",https://clinicadeolhosbenchimol.com.br/wp-content/uploads/2025/05/tipos-de-catarata-1.jpg,1,"Tipos de Catarata: sintomas, causas e cirurgia"
https://clinicadeolhosbenchimol.com.br/tireoide-e-saude-ocular/,https://clinicadeolhosbenchimol.com.br/tireoide-e-saude-ocular/,200,Tireoide e Saúde Ocular - Clínica de Olhos Benchimol,https://clinicadeolhosbenchimol.com.br/tireoide-e-saude-ocular/,,"index, follow, max-image-preview:large, max-snippet:-1, max-video-preview:-1",https://clinicadeolhosbenchimol.com.br/wp-content/uploads/2020/12/blog-dezembro-2020-02.webp,1,Tireoide e Saúde Ocular
https://clinicadeolhosbenchimol.com.br/trombose-ocular-o-que-e-e-por-que-ficar-atento/,https://clinicadeolhosbenchimol.com.br/trombose-ocular-o-que-e-e-por-que-ficar-atento/,200,Trombose ocular: o que é e por que ficar atento - Clínica de Olhos Benchimol,https://clinicadeolhosbenchimol.com.br/trombose-ocular-o-que-e-e-por-que-ficar-atento/,,"index, follow, max-image-preview:large, max-snippet:-1, max-video-preview:-1",https://clinicadeolhosbenchimol.com.br/wp-content/uploads/2021/08/blogTromboseOcular.jpg,1,Trombose ocular: o que é e por que ficar atento
https://clinicadeolhosbenchimol.com.br/tudo-que-o-diabetico-precisa-saber-para-evitar-a-cegueira-pela-retinopatia/,https://clinicadeolhosbenchimol.com.br/tudo-que-o-diabetico-precisa-saber-para-evitar-a-cegueira-pela-retinopatia/,200,Tudo que o diabético precisa saber para evitar a cegueira pela retinopatia - Clínica de Olhos Benchimol,https://clinicadeolhosbenchimol.com.br/tudo-que-o-diabetico-precisa-saber-para-evitar-a-cegueira-pela-retinopatia/,,"index, follow, max-image-preview:large, max-snippet:-1, max-video-preview:-1",https://clinicadeolhosbenchimol.com.br/wp-content/uploads/2021/05/blogdiabetico.jpg,1,Tudo que o diabético precisa saber para evitar a cegueira pela retinopatia
https://clinicadeolhosbenchimol.com.br/tudo-sobre-a-cirurgia-de-catarata-vantagens-e-riscos-do-procedimento/,https://clinicadeolhosbenchimol.com.br/tudo-sobre-a-cirurgia-de-catarata-vantagens-e-riscos-do-procedimento/,200,Tudo sobre a cirurgia de catarata: vantagens e riscos do procedimento - Clínica de Olhos Benchimol,https://clinicadeolhosbenchimol.com.br/tudo-sobre-a-cirurgia-de-catarata-vantagens-e-riscos-do-procedimento/,,"index, follow, max-image-preview:large, max-snippet:-1, max-video-preview:-1",https://clinicadeolhosbenchimol.com.br/wp-content/uploads/2024/05/blog-abril-2024.png,1,Tudo sobre a cirurgia de catarata: vantagens e riscos do procedimento
https://clinicadeolhosbenchimol.com.br/uveite-doenca-pouco-conhecida-e-que-preocupa/,https://clinicadeolhosbenchimol.com.br/uveite-doenca-pouco-conhecida-e-que-preocupa/,200,Uveíte: Doença pouco conhecida e que preocupa - Clínica de Olhos Benchimol,https://clinicadeolhosbenchimol.com.br/uveite-doenca-pouco-conhecida-e-que-preocupa/,,"index, follow, max-image-preview:large, max-snippet:-1, max-video-preview:-1",https://clinicadeolhosbenchimol.com.br/wp-content/uploads/2024/03/blog01-novembro-2019.webp,1,Uveíte: Doença pouco conhecida e que preocupa
https://clinicadeolhosbenchimol.com.br/verao-x-conjuntivite/,https://clinicadeolhosbenchimol.com.br/verao-x-conjuntivite/,200,Verão X Conjuntivite - Clínica de Olhos Benchimol,https://clinicadeolhosbenchimol.com.br/verao-x-conjuntivite/,,"index, follow, max-image-preview:large, max-snippet:-1, max-video-preview:-1",https://clinicadeolhosbenchimol.com.br/wp-content/uploads/2021/01/blog-janeiro-2021-03.webp,1,Verão X Conjuntivite
https://clinicadeolhosbenchimol.com.br/verdades-sobre-sua-visao/,https://clinicadeolhosbenchimol.com.br/verdades-sobre-sua-visao/,200,Verdades sobre sua visão - Clínica de Olhos Benchimol,https://clinicadeolhosbenchimol.com.br/verdades-sobre-sua-visao/,,"index, follow, max-image-preview:large, max-snippet:-1, max-video-preview:-1",https://clinicadeolhosbenchimol.com.br/wp-content/uploads/2020/09/blog-setembro-2020-02.webp,1,Verdades sobre sua visão
https://clinicadeolhosbenchimol.com.br/visao-subnormal/,https://clinicadeolhosbenchimol.com.br/visao-subnormal/,200,Visão Subnormal - Clínica de Olhos Benchimol,https://clinicadeolhosbenchimol.com.br/visao-subnormal/,,"index, follow, max-image-preview:large, max-snippet:-1, max-video-preview:-1",https://clinicadeolhosbenchimol.com.br/wp-content/uploads/2020/11/blog-novembro-2020-02.webp,1,Visão Subnormal
https://clinicadeolhosbenchimol.com.br/voce-cuida-bem-da-sua-visao/,https://clinicadeolhosbenchimol.com.br/voce-cuida-bem-da-sua-visao/,200,Você cuida bem da sua visão? - Clínica de Olhos Benchimol,https://clinicadeolhosbenchimol.com.br/voce-cuida-bem-da-sua-visao/,,"index, follow, max-image-preview:large, max-snippet:-1, max-video-preview:-1",https://clinicadeolhosbenchimol.com.br/wp-content/uploads/2020/11/blog-novembro-2020-01.webp,1,Você cuida bem da sua visão?
https://clinicadeolhosbenchimol.com.br/voce-sabe-quais-os-cuidados-basicos-apos-a-realizacao-da-cirurgia-de-catarata-2/,https://clinicadeolhosbenchimol.com.br/voce-sabe-quais-os-cuidados-basicos-apos-a-realizacao-da-cirurgia-de-catarata-2/,200,Você sabe quais os cuidados básicos após a realização da cirurgia de catarata? - Clínica de Olhos Benchimol,https://clinicadeolhosbenchimol.com.br/voce-sabe-quais-os-cuidados-basicos-apos-a-realizacao-da-cirurgia-de-catarata-2/,,"index, follow, max-image-preview:large, max-snippet:-1, max-video-preview:-1",https://clinicadeolhosbenchimol.com.br/wp-content/uploads/2020/08/blog-setembro-2020-03.webp,1,Você sabe quais os cuidados básicos após a realização da cirurgia de catarata?
https://clinicadeolhosbenchimol.com.br/voce-sabe-quais-os-cuidados-basicos-apos-a-realizacao-da-cirurgia-de-catarata/,https://clinicadeolhosbenchimol.com.br/voce-sabe-quais-os-cuidados-basicos-apos-a-realizacao-da-cirurgia-de-catarata-2/,200,Você sabe quais os cuidados básicos após a realização da cirurgia de catarata? - Clínica de Olhos Benchimol,https://clinicadeolhosbenchimol.com.br/voce-sabe-quais-os-cuidados-basicos-apos-a-realizacao-da-cirurgia-de-catarata-2/,,"index, follow, max-image-preview:large, max-snippet:-1, max-video-preview:-1",https://clinicadeolhosbenchimol.com.br/wp-content/uploads/2020/08/blog-setembro-2020-03.webp,1,Você sabe quais os cuidados básicos após a realização da cirurgia de catarata?
https://clinicadeolhosbenchimol.com.br/voce-sofre-de-pressao-alta-cuidado-ela-pode-causar-trombose-ocular-e-ate-mesmo-cegueira/,https://clinicadeolhosbenchimol.com.br/voce-sofre-de-pressao-alta-cuidado-ela-pode-causar-trombose-ocular-e-ate-mesmo-cegueira/,200,Você sofre de pressão alta? Cuidado! Ela pode causar trombose ocular e até mesmo cegueira! - Clínica de Olhos Benchimol,https://clinicadeolhosbenchimol.com.br/voce-sofre-de-pressao-alta-cuidado-ela-pode-causar-trombose-ocular-e-ate-mesmo-cegueira/,,"index, follow, max-image-preview:large, max-snippet:-1, max-video-preview:-1",https://clinicadeolhosbenchimol.com.br/wp-content/uploads/2024/03/blog03-junho-2019.webp,1,Você sofre de pressão alta? Cuidado! Ela pode causar trombose ocular e até mesmo cegueira!
https://clinicadeolhosbenchimol.com.br/volta-as-aulas-atencao-a-saude-ocular-infantil/,https://clinicadeolhosbenchimol.com.br/volta-as-aulas-atencao-a-saude-ocular-infantil/,200,Volta às Aulas: Atenção a Saúde Ocular Infantil. - Clínica de Olhos Benchimol,https://clinicadeolhosbenchimol.com.br/volta-as-aulas-atencao-a-saude-ocular-infantil/,,"index, follow, max-image-preview:large, max-snippet:-1, max-video-preview:-1",https://clinicadeolhosbenchimol.com.br/wp-content/uploads/2020/02/blog-fevereiro-2020.webp,1,Volta às Aulas: Atenção a Saúde Ocular Infantil.
